Info,Close,Close.1,Close.2,Close.3,Close.4,Close.5,Close.6,Close.7,Close.8,Close.9,Close.10,Close.11,Close.12,Close.13,Close.14,Close.15,Close.16,Close.17,Close.18,Close.19,Close.20,Close.21,Close.22,Close.23,Close.24,Close.25,Close.26,Close.27,Close.28,Close.29,Close.30,Close.31,Close.32,Close.33,Close.34,Close.35,Close.36,Close.37,Close.38,Close.39,Close.40,Close.41,Close.42,Close.43,Close.44,Close.45,Close.46,Close.47,Close.48,Close.49,Close.50,Close.51,Close.52,Close.53,Close.54,Close.55,Close.56,Close.57,Close.58,Close.59,Close.60,Close.61,Close.62,Close.63,Close.64,Close.65,Close.66,Close.67,Close.68,Close.69,Close.70,Close.71,Close.72,Close.73,Close.74,Close.75,Close.76,Close.77,Close.78,Close.79,Close.80,Close.81,Close.82,Close.83,Close.84,Close.85,Close.86,Close.87,Close.88,Close.89,Close.90,Close.91,Close.92,Close.93,Close.94,Close.95,Close.96,Close.97,Close.98,Close.99,Close.100
issuer_name,Anglo American plc,Associated British Foods,Admiral Group,Ashtead Group,Antofagasta,Auto Trader Group,Aviva,Avast,Aveva,AstraZeneca,BAE Systems,Barclays,British American Tobacco,Barratt Developments,BHP,Berkeley Group Holdings,British Land,B&M,Bunzl,BP,Burberry,BT Group,Coca-Cola HBC,Compass Group,Croda International,CRH plc,DCC plc,Diageo,Entain,Evraz,Experian,Ferguson plc,Flutter Entertainment,Fresnillo,Glencore,GlaxoSmithKline,Hikma Pharmaceuticals,Hargreaves Lansdown,Halma,HSBC,International Airlines Group,Intermediate Capital Group,IHG Hotels & Resorts,3i,Imperial Brands,Informa,Intertek,JD Sports,Just Eat Takeaway,Johnson Matthey,Kingfisher,Land Securities,Legal & General,Lloyds Banking Group,London Stock Exchange Group,Mondi,M&G,Melrose Industries,National Grid plc,NatWest Group,Next plc,Ocado Group,Phoenix Group,Polymetal International,Prudential plc,Pershing Square Holdings,Persimmon plc,Pearson plc,Reckitt,Royal Dutch Shell,RELX,Rio Tinto,Rightmove,Rolls-Royce Holdings,RSA Insurance Group,Renishaw,Rentokil Initial,Sainsbury's,Schroders,Sage Group,Segro,Smurfit Kappa,Standard Life Aberdeen,DS Smith,Smiths Group,Scottish Mortgage Investment Trust,Smith & Nephew,Spirax-Sarco Engineering,SSE plc,Standard Chartered,St. James's Place plc,Severn Trent,Tesco,Taylor Wimpey,Unilever,United Utilities,Vodafone Group,Weir Group,WPP plc,Whitbread,FTSE
S&P 2021,***,***,***,***,***,***,A,***,***,***,***,***,***,***,***,***,***,***,***,***,***,***,***,***,***,***,***,***,***,***,***,***,***,***,***,***,***,***,***,***,***,***,***,***,BBB,***,***,***,***,***,***,***,***,***,***,***,***,***,BBB+,***,***,***,***,***,***,***,***,***,***,A+,***,***,***,***,***,***,***,***,***,BBB+,***,BBB-,***,BBB-,***,***,***,***,***,***,***,***,***,***,***,***,***,***,***,***,***
S&P 2020,***,***,***,BBB-,BBB,***,A+,***,***,BBB+,***,***,***,***,***,***,***,BB-,***,***,***,***,***,***,***,***,***,A-,***,***,***,***,BB+,***,***,A,BBB-,***,***,A-,BB,BBB-,BBB-,BBB,***,BBB-,***,***,***,***,BBB-,***,***,BBB+,***,***,A,***,***,***,BBB-,***,***,***,***,BBB+,***,BBB-,***,***,BBB+,***,***,BB / BB-,***,***,***,***,***,***,***,***,***,***,***,***,BBB+,***,***,***,***,***,***,***,***,BBB,***,BB+,***,***,***
S&P 2019,BBB,***,***,BBB-,***,***,AA-,***,***,***,***,***,***,***,***,***,***,***,***,***,***,***,***,***,***,***,***,***,***,BB+,***,***,***,***,***,***,***,***,***,***,BBB,***,***,***,***,***,***,***,***,***,***,***,***,***,A,***,A-,***,***,BBB,BBB,***,***,***,***,***,***,BBB,***,***,***,***,***,BBB,***,***,***,***,***,***,***,BB+,A-,***,***,***,***,***,***,***,***,***,BBB-,***,***,***,BBB,***,***,***,***
S&P 2018,BBB-,***,***,BB+,***,***,***,***,***,***,***,***,***,***,***,***,***,***,***,***,***,BBB,***,***,***,***,***,***,BB,***,***,BBB+,***,***,BBB+,A+,BB+,***,***,A,BBB-,***,***,***,***,BBB,***,***,***,***,***,***,***,***,***,BBB+,***,***,***,***,***,***,***,***,A,***,***,***,***,AA-,***,A,***,***,***,***,***,***,***,***,***,***,A-,***,***,***,***,***,BBB+,***,***,***,***,***,***,***,***,***,***,***,***
S&P 2017,BBB-,***,***,***,***,***,***,***,***,BBB+,***,BBB,BBB+,***,A,***,***,BB-,BBB+,***,***,***,***,***,***,***,***,***,***,***,***,***,***,***,BBB,***,***,***,***,***,***,BBB-,***,***,***,***,***,***,***,***,***,***,***,***,A-,BBB,***,***,***,***,***,***,***,***,***,***,***,***,A-,A+,***,***,***,BBB+,BBB+,***,***,***,***,***,***,***,***,***,***,***,***,***,***,***,***,BBB,***,***,***,A-,***,***,***,***,***
S&P 2016,BB+,***,***,BB,***,***,BBB,***,***,***,BBB,A-,***,***,A,***,***,***,***,A-,***,***,BBB+,A,***,BBB+,***,***,***,***,A-,***,***,BBB,BBB-,***,***,***,***,***,***,***,BBB,BBB,***,***,***,***,***,***,***,***,A,***,***,BBB,***,***,A-,***,***,***,***,***,A-,BBB,***,BBB,***,A,***,A-,***,A-,***,***,***,***,***,***,***,***,A,***,***,***,***,***,***,BBB+,***,***,***,***,***,***,BBB+,BBB,***,***,***
Moody's 2021,***,***,***,***,***,***,***,***,***,***,***,***,***,***,***,***,***,***,***,A2,***,***,***,***,***,Baa1,***,***,***,***,***,***,***,***,***,A2,***,***,***,A2,***,***,***,***,***,***,***,***,***,***,***,***,***,***,A3,***,***,***,Baa2,***,***,***,***,***,***,***,***,***,A3,Aa2,***,***,***,***,***,***,***,***,***,***,***,Baa3,***,***,***,***,***,***,***,***,***,***,***,***,***,***,***,***,***,***,***
Moody's 2020,Baa2,***,***,***,***,***,***,***,***,A3,***,Baa2,Baa2,***,A2,***,***,Ba2,***,A1,Baa2,***,***,***,***,***,***,***,***,Ba1,***,Baa2,Ba1,***,Baa1,***,Ba1,***,***,A2,Ba1 / Ba2,***,***,***,Baa3,Baa3,***,***,***,***,Baa2,***,***,***,***,***,***,***,Baa1,Baa2,***,B2,***,***,***,***,***,Baa3,A3,Aa2,***,A2,***,***,Baa1,***,***,***,***,***,***,***,***,***,Baa2,***,Baa2,***,Baa1,***,***,Baa2,Baa3,***,A1,***,***,Baa3,***,***,***
Moody's 2019,Baa2,***,***,***,***,***,A2,***,***,A3,***,Baa3,***,***,***,***,***,***,***,***,***,***,***,A3,***,***,***,A3,***,Ba1,***,***,***,Baa2,Baa1,***,Ba1,***,***,A2,***,***,***,Baa1,***,***,***,***,***,***,***,***,***,A3,A3,***,A2,***,Baa1,Baa2,***,***,***,***,A3,***,***,Baa2,***,Aa2,***,A2,***,***,***,***,***,***,***,***,***,***,***,***,***,***,***,***,***,Baa1,***,***,Baa3,***,***,Baa1,Baa2,***,***,***,***
Moody's 2018,Baa3,***,***,Baa3,***,***,***,***,***,***,***,Baa3,***,***,A2,***,***,***,***,A1,***,***,***,***,***,***,***,***,***,***,Baa1,Baa2,***,***,Baa2,A2,***,***,***,***,***,***,***,***,***,Baa3,***,***,***,***,Baa2,***,A2,***,***,***,***,***,***,Baa3 / Baa2,***,***,***,***,***,***,***,***,***,***,***,***,***,***,Baa1,***,***,***,***,***,***,***,A3,***,***,***,***,***,Baa1,***,***,***,***,***,***,***,***,***,***,***,***
Moody's 2017,Baa3,***,***,***,***,***,A2,***,***,A3,Baa2,Baa2,Baa2,***,A3,***,***,Baa3,***,A1,***,***,***,A3,***,Baa1,***,***,***,***,***,***,***,Baa2,***,A2,***,***,***,A2,***,***,***,***,***,***,***,***,***,***,***,***,A3,***,A3,Baa1,***,***,***,***,***,Ba3,***,***,Baa1,***,***,Baa2,A3,Aa2,***,A3,***,***,***,***,***,***,***,***,***,***,A3,***,***,***,***,***,***,***,***,Baa1,***,***,A1,***,***,Baa3,***,***,***
Moody's 2016,***,***,***,***,***,***,A3,***,***,***,***,Baa3 - Baa2,A3,***,A3,***,***,***,***,A2,***,***,***,Baa1,***,Baa2,***,A3,***,***,***,***,***,Baa2,***,***,***,***,***,***,***,***,***,***,Baa3,***,***,***,***,***,***,***,A3,***,Baa1,***,***,***,***,***,***,***,***,***,***,***,***,***,***,Aa2,***,Baa1,***,***,***,***,***,***,***,***,***,***,Baa1,***,Baa2,***,***,***,A3,***,***,Baa1,***,***,***,***,***,***,***,***,***
DateS 2021,***,***,***,***,***,***,2021-02-25,***,***,***,***,***,***,***,***,***,***,***,***,***,***,***,***,***,***,***,***,***,***,***,***,***,***,***,***,***,***,***,***,***,***,***,***,***,2021-03-18,***,***,***,***,***,***,***,***,***,***,***,***,***,2021-03-02,***,***,***,***,***,***,***,***,***,***,2021-02-18,***,***,***,***,***,***,***,***,***,2021-02-15,***,2021-02-24,***,2021-03-25,***,***,***,***,***,***,***,***,***,***,***,***,***,***,***,***,***
DateS 2020,***,***,***,2020-03-26,2020-10-05,***,2020-09-15,***,***,2020-11-12,***,***,***,***,***,***,***,2020-07-21,***,***,***,***,***,***,***,***,***,2020-05-20,***,***,***,***,2020-05-12,***,***,2020-04-07,2020-06-29,***,***,2020-05-13,2020-05-20,2020-12-22,2020-06-03,2020-05-26,***,2020-03-17,***,***,***,***,2020-04-07,***,***,2020-05-28,***,***,2020-08-24,***,***,***,2020-03-31,***,***,***,***,2020-06-03,***,2020-05-15,***,***,2020-10-22,***,***,2020-05-28 / 2020-09-11,***,***,***,***,***,***,***,***,***,***,***,***,2020-10-05,***,***,***,***,***,***,***,***,2020-02-25,***,2020-04-07,***,***,***
DateS 2019,2019-03-05,***,***,2019-04-23,***,***,2019-07-22,***,***,***,***,***,***,***,***,***,***,***,***,***,***,***,***,***,***,***,***,***,***,2019-02-28,***,***,***,***,***,***,***,***,***,***,2019-06-13,***,***,***,***,***,***,***,***,***,***,***,***,***,2019-05-21,***,2019-10-21,***,***,2019-05-16,2019-04-12,***,***,***,***,***,***,2019-03-28,***,***,***,***,***,2019-08-22,***,***,***,***,***,***,***,2019-04-24,2019-08-23,***,***,***,***,***,***,***,***,***,2019-11-21,***,***,***,2019-08-01,***,***,***,***
DateS 2018,2018-02-28,***,***,2018-08-28,***,***,***,***,***,***,***,***,***,***,***,***,***,***,***,***,***,2018-06-12,***,***,***,***,***,***,2018-04-19,***,***,2018-10-09,***,***,2018-15-29,2018-12-06,2018-06-29,***,***,2018-07-04,2018-11-01,***,***,***,***,2018-06-20,***,***,***,***,***,***,***,***,***,2018-04-12,***,***,***,***,***,***,***,***,2018-03-15,***,***,***,***,2018-11-01,***,2018-02-12,***,***,***,***,***,***,***,***,***,***,2018-08-28,***,***,***,***,***,2018-12-20,***,***,***,***,***,***,***,***,***,***,***,***
DateS 2017,2017-08-11,***,***,***,***,***,***,***,***,2017-07-28,***,2017-01-03,2017-01-23,***,2017-10-13,***,***,2017-01-23,2017-11-23,***,***,***,***,***,***,***,***,***,***,***,***,***,***,***,2017-03-10,***,***,***,***,***,***,2017-07-13,***,***,***,***,***,***,***,***,***,***,***,***,2017-05-31,2017-05-24,***,***,***,***,***,***,***,***,***,***,***,***,2017-03-15,2017-09-27,***,***,***,2017-01-23,2017-03-08,***,***,***,***,***,***,***,***,***,***,***,***,***,***,***,***,2017-10-04,***,***,***,2017-07-25,***,***,***,***,***
DateS 2016,2016-12-01,***,***,2016-03-30,***,***,2016-09-09,***,***,***,2016-10-16,2016-07-07,***,***,2016-02-01,***,***,***,***,2016-02-22,***,***,2016-05-19,2016-02-25,***,2016-09-28,***,***,***,***,2016-02-24,***,***,2016-08-31,2016-02-14,***,***,***,***,***,***,***,2016-07-25,2016-11-01,***,***,***,***,***,***,***,***,2016-07-20,***,***,2016-05-16,***,***,2016-02-22,***,***,***,***,***,2016-09-07,2016-07-05,***,2016-03-03,***,2016-07-12,***,2016-08-30,***,2016-05-20,***,***,***,***,***,***,***,***,2016-05-12,***,***,***,***,***,***,2016-03-31,***,***,***,***,***,***,2016-03-23,2016-03-15,***,***,***
DateM 2021,***,***,***,***,***,***,***,***,***,***,***,***,***,***,***,***,***,***,***,2021-03-23,***,***,***,***,***,2021-03-25,***,***,***,***,***,***,***,***,***,2021-02-15,***,***,***,2021-03-08,***,***,***,***,***,***,***,***,***,***,***,***,***,***,2021-01-19,***,***,***,2021-03-02,***,***,***,***,***,***,***,***,***,2021-03-12,2021-03-24,***,***,***,***,***,***,***,***,***,***,***,2021-02-25,***,***,***,***,***,***,***,***,***,***,***,***,***,***,***,***,***,***,***
DateM 2020,2020-04-24,***,***,***,***,***,***,***,***,2020-12-15,***,2020-01-29,2020-02-18,***,2020-05-01,***,***,2020-12-03,***,2020-04-01,2020-09-09,***,***,***,***,***,***,***,***,2020-06-17,***,2020-05-19,2020-05-06,***,2020-05-05,***,2020-06-29,***,***,2020-10,2020-05-28 / 2020-09-07,***,***,***,2020-02-27,2020-03-19,***,***,***,***,2020-06-03,***,***,***,***,***,***,***,2020-08-14,2020-12-17,***,2020-03-25,***,***,***,***,***,2020-08-10,2020-03-03,2020-04-01,***,2020-04-24,***,***,2020-11-18,***,***,***,***,***,***,***,***,***,2020-07-06,***,2020-10-05,***,2020-09-08,***,***,2020-01-31,2020-05-22,***,2020-11-30,***,***,2020-04-07,***,***,***
DateM 2019,2019-03-04,***,***,***,***,***,2019-11-27,***,***,2019-04-02,***,2019-05-17,***,***,***,***,***,***,***,***,***,***,***,2019-03-26,***,***,***,2019-11-11,***,2019-03-15,***,***,***,2019-06-20,2019-05-13,***,2019-12-18,***,***,2019-12-18,***,***,***,2019-06-19,***,***,***,***,***,***,***,***,***,2019-01-29,2019-06-12,***,2019-10-17,***,2019-03-29,2019-11-12,***,***,***,***,2019-05-09,***,***,2019-03-04,***,2019-03-01,***,2019-02-06,***,***,***,***,***,***,***,***,***,***,***,***,***,***,***,***,***,2019-02-27,***,***,2019-06-25,***,***,2019-02-20,2019-02-26,***,***,***,***
DateM 2018,2018-08-03,***,***,2018-08-06,***,***,***,***,***,***,***,2018-04-04,***,***,2018-10-31,***,***,***,***,2018-10-08,***,***,***,***,***,***,***,***,***,***,2018-12-18,2018-10-09,***,***,2018-04-24,2018-03-28,***,***,***,***,***,***,***,***,***,2018-06-18,***,***,***,***,2018-12-20,***,2018-05-30,***,***,***,***,***,***,2018-04-04 / 2018-07-16,***,***,***,***,***,***,***,***,***,***,***,***,***,***,2018-03-29,***,***,***,***,***,***,***,2018-09-03,***,***,***,***,***,2018-12-20,***,***,***,***,***,***,***,***,***,***,***,***
DateM 2017,2017-09-04,***,***,***,***,***,2017-10-20,***,***,2017-07-28,2017-04-28,2017-09-27,2017-01-17,***,2017-05-03,***,***,2017-01-23,***,2017-06-08,***,***,***,2017-03-02,***,2017-05-02,***,***,***,***,***,***,***,2017-06-06,***,2017-07-27,***,***,***,2017-09-27,***,***,***,***,***,***,***,***,***,***,***,***,2017-06-19,***,2017-07-25,2017-09-17,***,***,***,***,***,2017-06-12,***,***,2017-11-15,***,***,2017-01-20,2017-06-13,2017-06-08,***,2017-02-27,***,***,***,***,***,***,***,***,***,***,2017-10-02,***,***,***,***,***,***,***,***,2017-12-19,***,***,2017-04-07,***,***,2017-08-08,***,***,***
DateM 2016,***,***,***,***,***,***,2016-09-09,***,***,***,***,2016-05-10 - 2016-12-10,2016-10-21,***,2016-03-03,***,***,***,***,2016-04-08,***,***,***,2016-06-15,***,2016-07-06,***,2016-12-15,***,***,***,***,***,2016-03-22,***,***,***,***,***,***,***,***,***,***,2016-05-19,***,***,***,***,***,***,***,2016-06-28,***,2016-03-17,***,***,***,***,***,***,***,***,***,***,***,***,***,***,2016-04-08,***,2016-08-18,***,***,***,***,***,***,***,***,***,***,2016-06-28,***,2016-04-21,***,***,***,2016-10-03,***,***,2016-11-04,***,***,***,***,***,***,***,***,***
2019-11-29,-1.3148283418553675,-0.426356589147292,-0.8800370541917513,-1.7147636971978297,-2.031602708803615,-1.4380940076258675,0.44775815745490277,0.7194272245620414,0.08783436855990256,-0.5600000000000049,-0.6239125798851775,-1.5382894706648886,-0.40683482506101987,-2.0851706618254418,-1.9720261369302272,-2.6740237691001645,-1.1336373209739459,-1.8172377409577445,0.18876828692779846,-1.213740757540327,0.23820867079562547,-1.0025852410368241,-0.03875968992248513,0.6374501992031822,-0.1603849238171584,-0.8403361344537785,-0.7509762691498945,-0.7681454773475482,0.1646628274295292,0.3250221153243693,0.15631105900741904,-1.7251461988304073,-0.6547833293110372,1.1558626245074421,-1.6135538920869386,-0.4653246736513572,-1.033591731266148,-2.368421052631575,-1.3583138173302145,-0.7747934047140581,-1.4936031382313808,-2.047344849648114,-1.125592417061616,-0.8792225821378952,-0.6301078662850013,-0.8767534802040178,-0.25316455696202667,-2.060262748260855,-0.24487297214570436,-1.4403292181069949,-2.6889212488721226,1.1567647349721266,-1.5422341692062358,-2.4565275714872437,-0.3769208466222085,-1.2960235640647966,-1.0896923876806741,-1.4592248482765524,-0.7031236376081162,-2.5420116329691322,-2.341040462427746,9.68543046357615,0.14776673157732567,0.4310344827586299,-1.6785714285714293,-0.1388888888888884,-2.1423106350420773,-1.0104158753447612,***,-1.294642857142858,0.05341880341880323,-1.6042154566744737,-0.6056819700754557,-0.9741283716442894,-1.5357099260602691,-0.15120967741935054,-0.5810069505062798,-2.9877732128047785,-1.1091127098321385,-0.26462027418658884,0.08956423892023668,-0.6550218340611313,-1.675455817873961,-1.216044555506146,-1.1015183090205438,-0.470366886171214,-0.9442060085836923,-0.7230255839822064,-1.365705614567525,0.20115293305495996,-2.7256478999106326,-1.8380743982494563,-3.369830835604337,-2.0241810401852245,0.1421852783550337,-2.0206630982706697,-0.5189433269029209,-2.6508545517963,-0.3982080637132901,-2.0647097230080624,-0.9425044936109739
2019-11-28,-0.024342745861738457,-0.3091190108191699,0.5121042830539935,-2.1685761047463226,-2.121079534700665,0.9918591681273181,-0.09940206325830259,0.7246335247339308,0.3525762065786031,-0.3851773143843773,0.17361111111111605,-0.11466400088392392,-0.24350649350649567,-0.4967890550520271,1.019224871917368,0.705278905749096,1.3579365357662354,2.0938310812767424,-0.42293233082706383,-0.6641463082586507,0.1909307875894939,0.22790968971846404,-1.526717557251911,0.3732338043188399,-0.6374501992031822,-1.293961512939612,-0.20983213429256464,0.015678896205706394,-4.364453070075225,-1.4941237375468708,-0.07809449433815452,-2.3415191319246187,0.0903954219100056,-0.31424368563697236,0.16161369554923422,0.09087672430558857,-1.2755102040816313,0.7957559681697646,-0.7438400743840057,-0.7349150525365555,-1.6783174101289378,-0.06393861892582953,-0.1577287066246047,-0.6893382352941124,0.035016667292420145,-0.47369580343362694,-0.9315657470440719,0.41375110820551786,0.0,-1.4864864864864824,0.7943910973094326,0.0,0.7771040770125248,1.6045346053936926,-1.8218047253060088,-0.2936857562408246,0.16792995818566414,-0.34217409808190435,-2.872628726287263,0.38927732143305693,1.317715959004384,3.6020583190394584,1.499863598830431,0.08628127696290733,1.0830324909747224,0.13908205841446364,0.6933744221879756,-0.7294814275028538,***,0.08936550491509543,-0.23980815347721673,0.7194244604316502,-0.06370872677337047,0.39118554739172584,0.35842293906809264,1.7435897435897463,-0.33407572383074013,0.18140312765730915,-0.3881755747984439,-0.7615530434473161,0.5855869602512609,-0.9372746935832788,0.0,0.44179112810831533,-0.14863258026159842,-0.37488284910964786,-0.45571062375391325,-1.2087912087912045,0.41904761904763,-1.108267679490671,1.9589977220956678,-2.1832191780821963,1.2366662337833123,0.11258779279654796,0.19726027397259926,0.022968788451427358,-3.914235030998814,-1.1379310344827531,-0.4459861248761188,1.42487165835965,-0.18035347783255107
2019-11-27,-0.6048874909266866,0.46583850931676274,1.4643363249881913,-0.2448979591836764,-0.1323932231585001,2.9540391047910397,0.1493295474724654,-0.6300602680973433,1.3851676139301716,-0.4100529100529049,-0.7238904030792304,1.5604941132297379,3.1480241125251274,2.332541403383348,-0.41522209757064443,2.0501635768811255,2.3885961522392973,-1.3078734396161473,0.5671077504725952,-0.7604948192218797,0.0955566172957445,1.9862622536819918,1.629169899146632,-2.0882276168102343,0.48038430744594685,0.768973587428956,1.090909090909098,-0.10963194988253822,1.0227272727272751,2.23676528994321,0.27407987470633444,0.8350129570976028,-0.5617946189723555,-0.5900771159374485,-0.8016032064128265,1.1839066428699807,1.2658227848101333,1.3440860215053752,0.9859154929577452,0.39464444769099494,0.17513134851139256,1.822916666666674,2.031784349225507,0.7874015748031482,2.635677450372831,0.27500152587891513,1.306715063520869,-1.8029395139722904,1.0829207920792117,-1.8242122719734688,1.4218009478673022,1.292928059895826,1.7979143798144692,0.7840567341805382,0.2282453637660442,0.7396449704142105,0.0,-1.7234093946679852,1.3847648365600707,0.1733075785075533,0.41164363422523387,1.1274934952298254,0.6588044179201002,0.4332755632582286,3.127326880119141,-0.277392510402219,1.0903426791277315,0.304878048780477,***,-0.8198537558165353,-0.18617021276595702,-0.4110876203899494,1.3888849186685759,-3.4008357159727387,0.3597122302158251,0.9839461418953865,-0.2886937215655472,1.1467889908256979,1.1782477341389708,1.384446646686155,0.27100547428025035,0.5072463768115876,0.09316391085985032,0.2866759319632317,-0.029717682020802272,0.9460737937559083,1.4446691707598935,1.903695408734607,-0.5681818181818232,-0.17021449745123762,1.9034354688950872,-0.1282599401453588,0.730267698588194,-0.08436960219273537,0.04385484047801924,0.39197178731957827,1.9313905100410311,0.34602076124568004,1.1630213858027538,1.0030498237016294,0.3606557614924455
2019-11-26,0.24254183846712518,1.337529504327306,0.8575512148642161,2.211097204839385,1.728397801802739,1.4803848331935487,-0.3719315758496933,-1.4196969986218333,-0.7978745110836516,0.31847133757962887,0.20725599430591046,-0.15115959699764092,-0.7808606080744296,-0.5058054674678125,0.802235159855913,0.9244992295839749,0.07135648082117196,0.47305855268560126,2.370585389453317,-1.4391328932897296,0.23946360153257462,-1.4062484105428097,1.5760441292356209,-7.50845002414292,2.629416598192269,2.8541953232462225,0.7018614586512095,1.3009677931143937,1.663588819340589,-1.2126111360787117,-0.3900156006240274,2.177110914974989,1.0674561956208528,6.782809169209236,0.4630537017200842,0.7527504342790925,0.10343935867598297,0.5677210056772131,1.865136298421799,0.0,0.9190548460976666,1.8567639257294433,1.6044966785896841,1.8876828692779624,-0.011975992740709263,0.7556675062972307,-0.6132756132756101,-2.403968328880113,-1.9417475728155331,3.041695146958312,2.7764232165184977,1.6009826760132073,-0.8202524404539946,0.574999663150999,2.1568055960361487,-0.32438808611029435,0.16820600981966027,2.4547790797399216,-0.05492091241120489,0.5664501314848858,-1.2198663955852451,0.5231037489102031,1.3351843652207984,0.21710811984367862,0.6746626686656709,0.557880055788007,0.19508388607101246,-0.03048037234234524,***,-0.8349813227861991,-0.18582426333952906,0.8051148472649761,-1.5580266761476502,-0.13474774318803506,0.7611475715739058,1.364829396325451,0.2448743446227919,0.5535041196266466,0.6384919428397584,0.3473198912488096,1.3040452093023402,-0.2169197396963085,2.38473767885532,-0.10413795629479194,0.4777545535980865,0.2846299810246755,-0.2593659942363158,0.9039548022598876,-1.19760479041916,0.5132556972670343,2.57142857142858,-0.04273504273504258,-0.3424875111233461,1.0801644236506203,0.9295120061967532,-0.11515430353363776,0.3186743272468595,1.5817223198594021,-0.25999755859374973,1.0354738962184529,0.09194182426786046
2019-11-25,0.1700680272108901,0.8330027766759285,-0.4741583688952056,3.185535944898832,0.20242777420809155,0.11115906533214481,0.8249969482421848,3.823117254548225,1.8510154880929885,1.590725262874093,0.6956521739130528,1.6188145941676835,0.9560550150956137,1.9411567059529178,0.5847269492171181,1.8609865470851972,1.3010391858038428,1.7651795162486383,2.1245059288537593,0.26051859578533065,2.7053615346778193,0.9569920045803704,2.1327967806840986,1.869158878504673,1.0377750103777394,0.2758620689655267,1.017262638717642,1.025805417534853,0.37105184152204096,3.4569259756053405,2.110712863401032,1.7969451931716174,0.8474542543336128,-3.8146211076760195,0.5872872591641931,0.770215357439219,1.7363851617995252,2.4369980614788123,1.751824817518255,0.517419810824693,1.9092174626943015,1.3440860215053752,3.0216887765845524,1.8260451705910619,-1.2071020363350615,0.9151007014155832,0.7267441860465018,2.4371683808754874,0.8876645240281533,2.8109627547435068,4.2131995186587945,0.6611563734210124,0.8996041939213661,1.8063187821041549,0.35097981866043515,0.9226190476190554,2.9437242648302275,3.24588850594536,1.3244323220993337,2.0453562598284902,1.3243084167157138,1.8197958277851756,1.0257113485681923,-0.5183585313174977,2.14395099540583,0.13966480446927498,1.9896538002387665,0.7987729964717749,***,-0.2629848783694988,1.3997308209959591,0.9200621340661908,-0.2537227478403903,1.2001888223660329,1.0993037988626497,1.8172100481026243,1.8363196534653348,1.1194072871252958,2.0477815699658786,2.0447110822242376,0.6678935548029452,1.6164584864070575,0.9955061542313848,1.3189131942759058,1.9482496194825005,0.8612440191387627,1.9388954171562833,3.0267753201397074,1.7517136329017413,1.622719792660865,1.1560693641618602,2.0942408376963373,0.42993184088244707,0.7734121003287964,0.04428207682940499,1.1885355467194492,0.20436330418167614,2.0810907786150024,1.6466774149259678,1.4528396694660106,0.948572389756519
2019-11-22,2.286282306163012,1.735270379338183,2.378640776699026,2.020202020202011,2.0895536403021,1.5043249687163307,0.5783222837246083,0.18459121407785606,0.5447155600325049,1.1177753544165725,0.6652639551400163,0.642170221244287,0.31970385327275697,2.0427130853724274,2.3949228337561967,-0.11198208286674616,0.1810282324047119,1.327911625063516,2.6889903602232312,0.35193564605329186,0.0984736582964052,1.526791180726561,2.4319868095630692,1.3965087281795574,0.7949790794979039,1.7543859649122862,1.09068245559365,0.6777472970792342,0.37244089403716263,1.5859546889596787,2.6993865030674913,0.42105263157894424,1.7715606439799858,-6.2813192648617955,3.046739401924259,0.7169765760008495,0.8490315733616249,2.731152204836418,0.4889975550122161,1.7728585868920677,1.5733693752684186,1.2244897959183598,2.5480457784495814,1.2159533073929918,-1.12332972854996,1.8643142055607687,1.6248153618906969,3.8218239940078114,-1.3586956521739135,-4.784208765473408,-0.25316455696202667,-0.08257040042115582,1.7948695591517794,1.8568997247374375,0.8257151282807351,2.2831050228310446,0.08665378925378775,2.6471874173424226,1.1710420785904008,1.8568798858963342,2.042042042042036,-2.467532467532463,1.5698586853670315,-0.4729148753224388,2.0711215318483855,0.13986013986013734,2.3625254582484656,1.7187499999999911,***,0.8174988952717621,1.5027322404371546,2.1357090554063873,1.9398642860652515,2.545469741958062,1.7903721311798293,-0.3196590303676028,0.7307632454061519,1.2753882792460702,1.0661649419880792,1.8888854980468661,0.5092620849609375,2.562170308967593,1.0055161291791403,1.963426183491901,1.0769230769230864,0.19175455417066445,1.8856629751571319,0.9994121105232123,1.0000000000000009,1.6195523854977578,1.1695906432748648,-0.043610989969466996,1.2184603164801189,2.7974086658597574,0.4783092324805338,0.8223684092590666,2.9860620530137494,0.9782608695652284,1.5273465214622028,1.3593112706152821,1.2184635957414924
2019-11-21,-1.3967164910561158,0.8136696501220397,1.6280217069560843,-2.1066208082545113,-2.134831460674158,-1.335809314848102,-1.437419527377637,-2.431341290804201,0.0,1.1304108078301622,-0.41840367521889243,-0.602839415400791,3.8622859140160726,-1.0110256907710946,-1.2066736489211305,-1.4131154780304689,-1.4275516865590032,-3.7558670124476556,-2.3290386521308215,0.030173786892517818,-0.9268292682926838,-1.2962332547693522,1.0412328196584664,0.09985022466301174,-0.5823627287853572,-0.5235602094240788,-1.200738916256161,-0.49775208734745835,0.5382678156455434,-2.9144915446089437,-1.1721907841552137,-0.329736211031173,0.9411758659004787,-3.358096223486806,-0.9917330150761905,0.2947070654220285,-0.8679642293529688,-1.0695187165775444,-0.48661800486617945,-1.1623892996607932,-0.7625294662515381,-1.2760241773002057,-0.8669592208070176,-0.6763285024154575,-2.9415132781445252,-1.151778822472993,-1.0956902848794692,0.3438211510139011,-0.8680035917389972,-7.05845771144279,1.8041237113401998,-0.2471226177683694,-1.2300991214050927,-0.6936217952606683,-1.4530659691949999,-0.6652555185969189,-0.8591065179476609,-0.31846994473305745,-0.5598477367239507,-0.8086266857157076,-0.09000900090009312,-0.12970168612191912,-0.8209466090543183,-0.5982905982905962,-1.044083526682138,0.5625879043600568,-0.40567951318458695,-0.31152647975077885,***,-0.3083700440528636,-0.8130081300813052,-1.1818620356970566,1.1114723649307878,-0.6944240305816862,-0.26040986653327325,-0.4772004241781591,-1.0842598098466105,-0.0943827059947333,-0.6542056074766323,0.0,0.0,-1.1913626209977712,0.06490804462560007,-1.8220290973453457,-0.48989589712186143,0.481695568400764,1.119854721549629,-0.4681100058513743,-0.8390541571319576,-0.991251864864251,-1.203659123736156,-1.8827556696619618,-1.2037925815808315,-1.5081153925606827,-0.6959019109687437,-2.1834060829086344,-0.24931432054690061,-0.325027085590468,-0.6765042795305098,0.29538373961135456,-0.329086435025816
2019-11-20,-0.24443901246639088,0.9031198686371145,-1.7926356589147319,-1.02127659574468,-0.6474645983484018,0.5221909230184174,-3.5381277133323175,1.6941448307846274,0.09086726907454601,-0.7932166301969357,-0.864154893013358,-0.715879142008724,-0.9863298148468647,0.09199257508554215,-0.7980269907052695,0.0,-0.7790303601279636,-0.930234135275354,-1.8004866180048706,-0.9563633893884371,-1.3474494706448459,-0.1998342845468848,-1.1120263591433255,-1.0864197530864206,0.16666666666667052,-0.520833333333337,-2.4038461538461564,-0.14430014430014682,-0.3265743816649125,0.8876594194261456,-0.24193548387096975,-1.0089020771513302,0.0,-1.2121173183313405,0.43577632913742725,-1.1535800831093734,-0.20997375328084544,-2.2558459422283406,-0.19426906265177513,-0.7404835031130874,-0.5417118212580285,-2.103879026955946,-2.818805908050759,-1.8957345971563955,-0.7887323943661984,-0.7115597949094665,-0.4725554343875005,-0.49999839381167366,1.5501519756838888,0.49999999999998934,-7.088123963335935,-0.3284069035370152,-1.0028718438846673,-0.6220560435983735,-0.20301624129930307,-0.9880239520958067,-0.257065492894859,-1.8749986376081162,-0.6341802719677214,-0.04489934714718702,0.3915662650602503,-0.857265323617662,-1.7111836396568547,-0.6791171477079749,-1.9340159271899915,0.14084507042253502,-0.3637833468067897,-3.776980177753908,***,-0.6999125109361293,-1.4423076923076872,-1.6253410843516392,0.8904952443107073,-1.2616823655146492,-0.6651952217097468,-1.975051975051978,-0.5838705720212833,-0.18841693336005827,-1.291512915129156,-2.96495956873315,-0.4608294930875556,-0.37091988130564246,-2.066115662394885,-0.131856535839725,-1.5375339161893264,1.6650342801175277,-0.6614552014431729,-0.05847953216374657,-0.37993920972644313,-1.5216732640596864,-2.1667451719265207,-0.6377551020408156,-1.063394796193684,-0.8910624196325823,-0.6801974766867835,-0.7979936049462677,-0.5351130871992349,-2.016985138004246,-0.2861865043188083,-0.8113602605309134,-0.83699454275451
2019-11-19,0.9126788357178173,-1.17647058823529,-0.721500721500723,0.12782275244993535,1.8185951604906103,-0.4455929238198264,0.9167642443832946,-0.31949438043398226,-0.6768948823236531,-0.9616686983610956,0.45138465033636166,0.058707632941934484,0.3995830437804049,-0.4882532938402129,1.0674890594967845,-1.1567001309471858,0.49821846849977813,0.10346453444629589,0.5873715124816492,0.019929475079405456,-0.24003840614498229,-1.2361014371110701,-1.0594947025264867,0.496277915632759,1.6949152542372836,0.20876826722338038,0.48309178743961567,0.3701319600901254,2.3639027465675477,0.6983240223463749,2.1837659662134357,-2.1202439732791123,0.4728129335610065,0.3842498411581019,0.6054267007274294,0.12834402665122813,0.1577287066246047,2.336711711711703,8.45404266526204,0.9913064707880448,0.947869565884929,1.8072289156626509,0.44927384808275406,1.1505273250239645,1.2781025177507344,-0.17757792626946767,3.693931398416894,-1.2987012987012991,5.111821086261981,1.1058451816745585,-0.4291816450080921,1.8394671097584192,-0.5343783166256721,-0.43522284721358995,0.8187134502924076,0.30030030030030463,0.0,0.7194272245620414,-0.8822232143464115,-0.9782112085137684,-1.2786202795123436,0.21477663230240474,-0.15280408164857207,-0.6326444538169551,1.2672811059907918,0.4243281471004279,-1.5127388535031816,-0.6551464471194368,***,-0.3270111183780289,0.9164420485175295,1.152046081843272,0.2645563249649818,0.08235019925708631,0.3337018375043632,0.41753653444676075,0.8378581608501579,1.2881664454287955,1.3399813025864793,0.1619886915233959,-0.11507479861909697,-1.1730205278592365,1.3204528513737879,-0.9663049747797636,2.8527131782945636,-0.29296875,-0.6274275470570689,2.5794841031793636,-1.533857089412649,-0.14334862887001032,-0.6086142322097365,-0.42337002540220325,-0.08498535999184043,-0.2580257821048315,-0.20801401357565252,-1.0379074857441162,0.7362676912484378,0.5693950177935836,0.3693102858202346,-0.7382556223601844,0.22031020628523468
2019-11-18,-0.5153374233128782,0.12185215272135785,1.4641288433382194,-1.634534786253139,-0.31724313057112097,0.5976748274109545,-4.581029966871142,0.7356349901221249,1.3260132425982674,1.8625827814569451,0.4884835543160104,-0.24598697167204087,0.911640953716697,0.5523222903522473,-0.2248549602440808,0.8362676056338003,1.0791366906474753,2.3292796704295293,0.9387351778656017,-1.395167260497121,-3.206319702602234,-0.238345447599575,-0.8885298869143798,0.24875621890547706,-0.5478297513695773,-0.4158004158004158,-1.0457125784284482,0.3390925238172082,1.527269767992423,-1.4588461247042495,-0.45118949958983245,-0.17396346767178938,1.682697270709843,0.03202292826023356,-1.6830894912922778,0.8471527197376982,0.6881948120698755,2.127659574468077,0.9840425531914887,0.226597135316009,-1.5787672125374574,0.2012072434607548,0.5145977735769858,-1.881467544684856,1.1660096332951175,-0.5800725833464693,1.0666666666666602,1.7173051519154603,-0.5717916137229939,-2.1940667490729315,-0.09528201717853291,-1.0343400877569797,1.4456088990003835,0.963331970864667,0.0,-0.6266786034019645,3.27433358251521,-0.134711744889493,1.3071179227071683,0.08900620870424536,1.2951807228915646,1.041666666666674,-0.29085534431266824,1.3681060282171975,-0.724361418223407,-0.8415147265077194,1.3720742534301777,-1.0023656520352087,***,-0.628249566724437,0.32449972958354945,0.2888434227945602,1.8524756190859248,-0.6273965145972227,0.33483052638965116,-2.9381965552178313,-0.6076933971718268,2.3437514551915006,-1.0484119642306555,0.4338411487187388,1.5186915887850372,-0.14641288433382416,-0.2890153866809464,-1.339863984862777,-1.3761467889908285,-0.6789524733268659,1.1483831973405856,-1.0682492581602365,2.1008403361344463,-0.7963646933847102,0.5649717514124353,2.0302375809935214,0.6415722626935461,1.6316944600105021,-0.02189141856392407,1.4187670954304954,-1.6041467583562619,-1.299613628380747,-1.3160558980209958,1.915189837003406,0.06573132636269463
2019-11-15,0.79149146673263,0.9430094300943104,-0.09751340809360798,0.9306260575296044,2.437325974355886,1.2098344828095353,0.7888616929198067,-0.045958685988289893,-0.7262782034271109,-0.9294696555494752,0.27992244391781274,0.37624889281835383,-1.6551724137931045,1.4632570083539465,0.9196240677523004,-0.7209962857767094,0.39725753982025047,1.7232078625903702,-0.246426811237066,0.5135307458428828,1.080319398778773,-1.1473086612069805,-3.1298904538341166,-1.0339734121122546,-0.2522068095838548,0.8033531260915217,0.6011421701232367,-0.8644149191611938,0.9544771997620494,1.907429955951967,-1.0551948051948035,1.3815402704291602,1.8858701847446868,-1.8856064644322545,1.9033687486599504,-0.08228911262228022,0.6393180607352056,0.8115942028985579,0.3737319807795014,0.5961817441414219,2.8033957699778345,0.8113590263691739,0.08408660920748989,-0.978108989287374,-1.4674057259878914,0.12626262626262985,-0.8311295806573527,1.3658291877019835,0.12722646310432406,2.114231618807194,1.4499758765101456,-0.4530502769386824,1.8777636188902935,0.8178557735012193,-1.3556388808768416,1.6070345664038754,-0.8771929824561431,1.3654984258860692,0.1342377379015769,1.536373181020334,2.3743447425223607,-0.4321521175453813,1.319116578180246,-0.6372132540356845,0.26758409785931914,0.0,1.8495684340320562,-1.1942836387195066,***,0.5664488017429248,-1.0436178753010394,1.5397775876817787,-0.03367208872580019,0.4934178150018731,-0.07435398030901652,-0.5541561712846366,-0.35882622234058026,1.7386984336508426,1.0280373831775602,0.32643679802204506,1.277802607310341,0.4411764705882337,0.7115076334408776,0.7528540510340687,0.15313935681469104,0.782013685239491,-0.06040471156750771,0.8982035928143617,0.19135093761959432,-0.05684528038437664,1.6754427955959716,0.6521739130434856,1.2559472991921172,1.2987085515337338,-0.7603736693460816,1.0872108118777257,-3.120689102893559,0.140696447414701,-0.3631265415008911,4.827913905775705,0.13849410276911556
2019-11-14,-0.5656665027053642,-1.4943457189014575,-0.097418412079886,-0.6305170239596425,-2.8197609619240005,-1.4897579143389184,-0.2545721101545384,-0.18348343875429496,-1.2107656274725764,-0.9611479626370656,-0.3486750497081137,-0.45645994675139745,-0.1721170395869165,0.3750038146972612,-0.13120665422958755,0.08746993221080412,-0.43150384059487124,-0.1612919633106502,-1.2652068126520644,-0.8809710468951515,3.3495145631067924,-0.7422427441431512,2.117459049141024,-1.5988372093023284,-2.69938650306748,-0.8313127814340127,-3.2848837209302317,0.24069319640565023,-0.09779801870033467,-2.595628415300544,-0.5248284214775967,0.5022156573116776,0.3194070750771383,-2.9582134400756743,-1.07593250999225,-2.196163775210691,-1.1585044760400232,-1.089449541284404,-2.014125032696834,-0.6792100890196995,0.4818452073261259,0.5438477226376692,-0.30388766635229825,-4.577777777777781,-0.2269889973234851,-0.552489236461251,-0.8985398727068494,-1.1384744960479032,1.7146554513102652,-0.5959849435382636,-2.497645206399579,0.08244211696197823,0.07369646703365706,-1.5103230803395484,-0.7727532913566093,-0.5428226779252143,0.529099176408887,-0.8126424612902139,0.24672111437860078,-0.4498425489302238,-1.5781487101669156,2.0732245258050286,-0.11214589301172806,-1.092436974789912,-0.7210626185958247,0.2812939521800173,-1.378192136197809,-0.23249587223378443,***,-1.7551369863013644,0.6734913793103425,0.3679627131117469,0.6438474609241185,-0.8695342750740576,-1.0301647971748706,-2.0720276270350224,0.360118421669009,-2.2815519166224263,-0.40335091529630773,-0.6217863830547676,0.14218154111744763,0.14727540500736325,0.25940931464978334,0.3125031789143806,-2.1282973621103096,-0.29239766081871066,-0.5705705705705721,-0.5360333531864159,-1.1724659606656584,-0.7336360463581326,0.481000481000482,-0.2601908065914982,-0.4741200843207838,1.8334762134428972,-0.4864338990379413,0.0,-3.3082838567570994,-1.1474269819193306,-0.5018064911168851,-1.7609799776877488,-0.7944334132301112
2019-11-13,0.39506172839505194,0.6913379422529564,-0.5811138014527817,-0.4185851820845521,-1.859646709553875,0.07454797470418661,-1.4370410311767223,-0.7737810522786104,1.1796734653353402,1.5395189003436505,0.4905374654605499,-1.0882088931468692,-0.7685738684884758,-0.24937276290828425,-1.1553864244199907,-0.1092179991262543,-3.303198817242259,4.260093253100372,0.7846983815595898,-0.2148869147550858,-1.1990407673860948,-0.15228581307503708,6.104281475201367,1.0773751224289807,0.3694581280788256,0.9087731562390733,-0.5205320994794649,1.8300653594771177,0.09789375685496093,0.24650613022154655,1.4332514332514368,-0.2945508100147265,0.842417717753996,4.7603814365764885,-1.508054662721381,0.485270041251451,1.064395955295372,-3.272323904603436,0.20969855832240203,-2.4630541361192804,-0.6261555090354531,-1.075991930060527,-1.2622866011381295,-1.4022787028922012,-1.6519754911051066,-1.289038613815019,2.572964669738864,0.3453821284876035,2.999000333222268,-0.6234413965087282,-1.8501387865225483,0.41390886631333945,-1.452432857171193,0.0,0.4022988505747227,-0.8076577924020389,-0.8741258624666903,-1.7738359201773801,0.4845602518219305,0.0,-0.48323769254001725,5.49092601209864,-1.2595121918252628,2.6304441569642067,-2.298850574712641,-0.974930362116988,0.6527947776417742,-0.9499101470773375,***,-0.23489216314328543,-0.08075370121130021,-1.6644554336026962,0.2037372168134599,-1.0752871320004909,-0.6579014146168682,-0.24606299212598381,1.8569407059285226,-0.9615384615384581,-0.524691358024687,0.7901890726115468,-0.04737380418008419,0.1474926253687281,-1.7208394220993517,0.2872828730869692,3.0902348578492056,-0.6776379477250738,2.1159153633854677,2.1911138161899046,2.4806201550387597,-0.5890620206214892,-2.622950819672132,0.21729682746631784,-0.7698990811024875,-2.118264730432995,0.6199695453556586,0.30162129767257184,-0.1210434521799364,-2.6404874746106977,-1.590121045524695,-0.9534841655752913,-0.19278935590084645
2019-11-12,0.771336153271962,0.4493464052287566,0.14548981571289588,0.9721048182586678,-0.13264992308867907,0.2990608571845854,0.7584435179676108,-0.09094904674546989,3.522785647114035,0.37251655629138014,-0.1399558829841996,0.6525257056456457,0.5840920803985572,-0.15561780858895924,0.23635074109531473,-0.23970363913706771,0.27894642419732385,-5.608468837838954,-1.0674429888403725,1.0262446347304444,2.356406480117812,2.083119681553214,0.08485362749257597,1.2394645513138292,2.1383647798742134,0.7039774727208625,-6.21101166259832,-1.576069475715669,1.1386153721573367,4.0170957559873655,2.5188916876574208,0.8615567439096861,0.5230413893231756,-4.631325911542916,-0.061097310176938535,0.7449685247281623,-0.2918546033430669,2.124044180118956,1.408825093035615,0.3580014845715018,0.3696857670979714,1.0876954452753163,1.1194810629838958,1.0628875110717528,-0.16714953857722703,-0.4933399186263121,0.4629629629629539,0.18631399167146068,0.7046979865771741,0.6273525721455453,-0.3227279704656194,-0.7395246674090195,1.249997756060428,1.7936440393564235,0.7819287576020795,0.11979634621144264,3.7171335998940958,0.7596054178109268,0.06766312915578165,0.3158830906869303,0.424628450106157,-2.495462794918335,1.3750508804708739,-1.3191489361702113,0.7471049682480357,0.7012622720897532,0.040816326530612734,-0.05754091010334861,***,0.5151320025756689,1.2813522355507034,0.14494504167170685,-0.8417508417508435,0.5949378549387818,0.03656530293076887,-0.5384238864415081,0.11475785769829994,1.9607843137254832,1.1551670309085216,0.4378779776249564,0.6196391958283698,1.3452914798206317,0.9977391258909396,1.645867132609924,-0.948882767064585,-0.09671179883945502,-0.36663611365719273,-1.0240963855421725,1.8957345971563955,0.056135900612908074,0.7550731477111938,2.3576512455516063,-1.6407152562912475,0.4135875617383711,-0.3468458703663524,2.156910698071335,3.094588689570088,-0.3373819163292824,0.696171059174544,-0.5320429378640967,0.5035123469161462
2019-11-11,-2.664083313150889,0.20466639377814122,-0.8653846153846123,0.29673590504450953,-3.0231574374001924,0.1497543569240367,1.0215913099090868,0.7791003538123009,0.23539996500918647,-0.3985158719252424,-1.3802623079672394,3.1242470992349336,0.8664009703690967,2.5207383696037144,-1.9921255177985264,3.123595505617982,0.1047077811409336,1.2861703204623653,-1.3875598086124374,-0.3735733137403163,-0.3424657534246589,3.120656383957243,-0.3803888419273038,-0.2472799208704246,-0.20920502092049986,-0.35075412136093,-1.6275346851654215,0.614886731391584,0.5976080328708333,-5.339802708953645,-0.2512562814070307,-0.14832393948382983,-0.5203199008846582,-2.524502432976894,-3.4984253577088453,-1.0823286602259619,-0.7635597682991047,0.7417974322396548,-1.3633980073413765,-1.511081324532626,-0.11077836281074838,1.23881624225739,-0.11495454070435951,-0.8779631255487308,1.172494296963067,1.3499984741210946,-1.2571428571428567,2.2034836694846627,2.0198562136254816,-0.9630319975147517,-0.41322733822899416,0.5785098563419799,0.9651099340836078,4.015639988005537,0.028968713789101486,-2.3112931538911696,1.1926633502365336,-0.6657789523666358,-0.34835785324703883,4.0375615509463,-0.09090909090908594,-7.356031946195884,0.5502291875323362,-2.892561983471076,-2.1564327485380064,0.5641748942172065,3.901611535199323,-1.5297433134516591,***,-0.4912430585219951,-0.8648648648648671,-1.5810746552543997,0.4736109159598989,-4.788894506096353,-0.03655193760404574,-2.342256214149141,-0.47966551952727254,1.4925373134328401,-0.95856524427953,-0.4088307508730016,0.38277657978842416,-0.29806259314456574,0.06441616973631437,-1.7475174220430656,-1.5667369689665533,-0.5769230769230749,-0.8482278097546203,-1.6587677725118488,1.2799999999999923,-1.8457333903667328,-0.563115908024403,1.5815634884771779,-0.08406669311241677,0.8641221226884932,-1.3262032085561537,1.7361903731651473,-1.2080908823377534,-1.3643926788685534,-0.1489572989076482,1.8614556434616736,-0.4198698637630671
2019-11-08,-2.01708590412909,0.493624023035788,-0.9051929490233479,-1.3795986622073597,-1.1026319210627467,-2.340034331438523,-0.6917223692785912,2.0102866640747896,0.8068333401944017,-0.13723068478112,-0.7534288380244059,-2.1171436055450354,0.7155322862129054,-2.123678342070201,-1.4271035108558094,-1.0451412052479458,-1.308986549347968,-0.6125133936002003,-0.4287756074321081,-1.0313325664052742,-3.4938621340887654,-1.7121820437706048,-0.042247570764686326,-0.19743336623889718,-1.565074135090605,-0.8692628650904033,1.5167930660888507,-0.8344030808729141,0.40000152587891247,-3.813232738529504,0.75949367088608,0.23788284269996574,-1.272014883184991,-1.4920935541479885,-1.6621639380154596,0.800838510861146,-2.2142121524201808,-0.6237595690388398,-0.39174719247845324,-0.8655146991819129,-0.5508630434241768,-1.3577732518669339,-1.0035174839644112,-0.26269702276707774,0.16939582156973998,-1.7681758328068398,-2.4888558692422014,-1.3154346030830544,0.7241379310344742,-1.5897279119535312,-0.36596661913128603,0.33167463069041503,-1.4630578234447578,-1.6083950548452797,2.342128668840804,-0.8125362739408004,0.0,-0.30973316293901876,0.40618714551248214,-1.2517371286240975,-1.286269817529162,-7.14285714285714,-1.3637612198606042,-0.3705228489090162,-2.285714285714291,-0.8391608391608352,-0.16934801016088574,-0.45121434742687594,***,-0.06403415154748737,0.2438363587103698,-2.9197922677437926,-0.7387447211658627,-0.35917203926606467,-1.1203491025494228,0.9652509652509744,-0.3414523199820607,-2.237356987820127,-0.8583690987124415,0.3555765238692832,-0.5945303210463715,-2.753623188405796,-0.7987220447284393,-0.6478362372482005,-0.6287425149700598,0.0,-0.48236358154959413,-0.5889281507656108,0.2004008016031955,-1.03598362034667,-0.3274087932647385,0.6366530241018742,-1.7348139467397883,-0.8274195754936264,0.44043398861317584,-0.4082568958624244,-0.7220613688670885,-0.06651147322913609,-0.24764735017335227,-1.0491988623221538,-0.6345863121045792
2019-11-07,1.7137340091720965,0.37159372419488523,2.2406234778373113,1.098901098901095,1.093248896787924,-0.3279861211745838,1.166316738424844,0.1873507711870559,1.4443899678542538,-0.6814774430966342,0.17152658662091813,1.0218547332884853,0.8092892329345514,1.0732400710458556,-0.6352780018079929,1.5812062344702893,-2.02497477124175,1.9549314270079554,2.091439688715946,-0.038893441231369064,2.121504339440694,-1.4186628879687802,0.42426813746287984,0.049382716049373165,-0.9383924928600518,0.5242922055225474,0.43525571273121955,-0.28799999999999937,-0.3239441396742371,2.581163523713337,-0.5455308434746065,0.14889815366290193,1.8181838415766816,-3.1179139400807077,0.6810663229663394,0.058065267004536736,-4.0987654320987605,-0.3953685399604612,0.4986876640419968,0.4514315862303997,-0.14669028095195547,-0.540175557056044,0.37383177570093906,-0.6524575902566387,-1.1166945840312636,2.2858593227826685,-0.2962962962962945,0.4313847748302235,-0.0689179875947632,0.8323057953144364,1.3444641614757558,0.5838252696814372,0.5516734217254404,-0.3657883383222482,-2.6832083092902526,1.5321154979375473,1.1131696792865853,1.6187078247813513,-1.2809089058098633,-0.1851037223394747,1.3337374962109738,-3.7204058624577208,0.7571457216042132,-2.9176658673061517,0.6832074793239773,0.28050490883591017,3.778558875219673,0.4817263350619161,***,0.14963659683624453,-0.05415651232060226,-0.3564857405703781,-0.36801810838998916,0.4121840911785135,3.9834670651574866,2.371541501976293,0.2968008659746113,0.048664770567219406,0.36923076923076614,1.4991653840868313,-0.09503300125557335,2.4498886414253906,1.755524638925765,1.4458465005908083,1.21212121212122,0.7751937984496138,0.2114803625377748,1.8596280743851334,-2.2718370544457467,-0.19047951211734748,0.7540056550424223,-1.8741633199464536,2.022752860352184,0.7742722447978689,-0.7463482247574316,-2.0235308478860348,0.6032970406366189,4.192654192654199,1.559356136820922,2.0461633524376355,0.131135597971066
2019-11-06,-0.7189072609633307,2.0219039595619215,-0.4847309743092554,-0.8382229673092989,0.43057050592034685,1.217258472398819,-0.7179193315363874,0.14071437901128636,0.3381659878131993,-0.3531169360315056,1.7452006980802848,-0.49656911782083313,1.8273020422787445,0.4438788597262544,-0.09067072470100301,-0.5838760386256414,-1.8549209065024885,-2.333603332833478,1.4306857424765562,-0.44540060406363935,0.29013539651836506,-4.66930228473622,0.8557980316645342,0.9471585244267278,0.32746623004502595,-0.625217089267105,0.3275109170305601,0.757697888118658,-2.478739296969923,-0.31830562520722694,0.633445945945943,1.2055455093429757,0.24968774311782127,-0.2544598199040182,-0.8489221459645813,-0.450869874458093,1.0983524712930626,-1.3099219620958724,0.10509721492379942,0.03344224179802069,0.5530973202371836,0.06756756756756133,0.879949717159012,-0.04347826086956719,2.389666704490878,0.17614801655321255,0.821508588498876,-2.3433370675450926,1.7888460189407152,-0.5518087063151489,-0.9186954653359503,-0.5804365345184581,0.48040937311415455,-1.1705978712163723,-0.43091065785694216,0.3548196333530429,0.6535990547244186,-0.2690610329666443,0.7631860598169116,-0.18475468659786554,0.1822046765866947,-2.169117647058827,-0.7790728549024961,0.3610108303249149,-0.6075768406004323,-0.41899441340782495,-0.04391743522178526,0.22720470863426545,***,0.4293688278230956,0.9292156326865308,0.11512779184894573,0.8094414490672497,0.9622712334894645,-0.5976862273275652,-0.246426811237066,-0.11402508551880963,-0.09722749208037618,-0.09222256378726978,0.6145285494500774,0.333729176754316,-0.7369196757553431,-1.4734163752899487,0.5285412347409091,-1.0494752623688153,0.09699321047527132,0.1209921355111998,0.06002400960383181,-0.27343749999999556,-0.217210920305122,-0.46904315196998336,0.13404825737264314,-0.46143236350913996,-1.2643393805873981,1.8239061991097705,0.5203434887771419,0.2839898296089327,-2.500000000000002,0.08054649447608586,0.5021500281422231,0.11640472574239169
2019-11-05,0.31250000000000444,5.558025789239651,1.375921375921374,-0.2091175240485188,3.360037006808181,-0.6959684602506844,2.3222719888551513,0.7085498448857974,-2.7255626193844584,-1.5904838278535172,-1.6140151133268943,0.6066398692539332,0.14352350197344155,0.6381621055999709,2.4262784753370292,0.29279279279279535,0.16589250501835018,-1.3859800935047795,-0.1477832512315258,1.036982634954886,0.29097963142579175,-0.8563738427849743,-0.2134927412468013,-0.29821073558647937,0.5763688760807018,0.20884093282282912,-0.054555373704312515,-0.9263695895224355,2.4396284528659606,-0.44890735469579335,-2.1083092186854113,0.5149954559224401,0.9833611232118011,-1.913475812450105,2.7557482285253565,-1.368301026225771,0.15000000000000568,2.572898799313883,0.528262017960901,0.3187960426279446,-0.985754563570207,1.9283746556473913,1.3375796178344057,0.13060513713538668,0.6212567076701925,1.4551905825421318,-0.3349460364719059,0.18464301719425258,-1.6218081435472764,2.001250781738584,1.1147207907411971,0.1661167593608015,0.8948522696679673,0.5191196267656517,-1.248226950354614,1.0155316606929476,-2.5477734421127107,0.9506591949023369,-0.6688963210702337,-0.09229208632151042,0.580329871716545,0.7407407407407307,0.36302367238523203,-1.927616050354053,1.1569052783803269,-0.278551532033422,0.3083700440528636,0.8016084764957077,***,0.8880225254494167,-0.7055630936227963,1.1411271541686085,0.20277327336664097,4.455306959739969,0.14965373450459563,1.6533066132264462,-1.8576517501640244,-0.4837929437659372,4.26282051282052,-0.11160544176792575,-0.5217007691124209,-1.5953589557650472,1.0356026559971587,1.6930899461517601,0.9688162276718204,0.782013685239491,-0.42168674698794817,1.585365853658538,-0.1170503316426097,2.5619553141419615,0.3294117647058892,-0.6216696269982225,-0.500831333557572,1.1600219377989607,0.2285092491838947,-2.174924606332429,1.060641977283172,3.315881326352521,0.9349605901454616,0.16766625695647797,0.2496696182492375
2019-11-04,1.7861512111573274,-0.04444444444444695,0.6927263730826416,0.4621848739495782,0.9660722835327817,0.33075849919017575,0.5480075592264155,0.7615377430966186,0.9487684115291994,0.22772940388480212,0.17199861678847128,0.5742354084971035,1.6596753602042602,-1.1356486130964072,2.9520750384451455,-0.7377598926894713,-1.4388469823822359,1.8104333552898533,0.8946322067594492,2.8163347069210642,1.3267813267813233,0.49176295548816196,-0.5520169851380041,-1.227295041728027,0.37190082644629197,0.7363253856942586,0.3009575923392571,-0.7450856055802202,-10.47470441750603,-0.23709006375488562,-0.04132231404958553,0.5176613885505388,-3.38611557282269,0.1666683620876741,4.669018527697499,-0.3975014196479276,-0.497512437810943,0.6908462867012188,-0.26343519494204104,1.2228281855132916,0.9583509843353655,-2.288021534320328,-0.03183699458770839,1.727192205491579,2.4154589024560025,0.435900565905456,0.2986188876446416,-1.5324659471387947,-0.9907755380936134,0.8196721311475308,2.965086928391991,0.2497896119855847,0.8649937432650967,0.8375493469452877,0.17050298380221207,2.447980416156681,1.2903239869851646,1.3302724295799928,-0.3776126523624912,0.9315323839907297,-1.2368024132729971,0.821508588498876,-0.12550040573783283,-0.07861635220125507,1.8409425625920406,-0.13908205841446364,-0.830056793359546,1.9853978957572904,***,2.1234240212342437,-0.887573964497046,3.023032629558542,0.5778319574836877,1.6008990095578435,1.4036349028004658,2.3065094823167653,-1.4121854019586433,1.0263884565399728,0.48309178743961567,-0.8849591131132817,0.40476481119791075,4.628224582701068,1.2119267458144511,2.535137052015357,0.7012195121951281,1.1869436201780381,-0.24038461538461453,1.4851485148514865,-0.6974041069352954,1.7280470548202809,2.3110255175734284,0.0888888888888939,0.7146023369953403,0.05952744256882969,-0.36860364267129464,-0.46061721413457324,1.1230276210074885,3.280461427541459,1.9266599456765565,1.2366613265690107,0.921618835845317
2019-11-01,3.123739663741132,1.0781671159029615,-0.04945598417408492,1.3628620102214661,2.6522139848066617,-3.201707507856022,1.0838149970371802,1.301838132347699,0.8130071242554715,-0.4799360085322002,0.9024665214971916,-0.36949366191925126,1.4618800888230865,0.4435975505099332,2.3611435302810957,1.6359918200409052,-1.4502095317523445,1.4312769336384923,0.19920318725099584,1.5941178224282204,-0.44031311154598685,-0.6594972471191118,0.21276595744681437,-0.9241245136186738,0.4983388704318914,1.2784090909090828,1.0226644555002773,-0.331805972507504,0.8314634173103963,3.376904543645032,-0.32948929159802853,-0.27330701488005316,3.1666229033618265,1.4084507042253502,3.567592206965986,-0.42971704686468604,0.0,-1.975169300225732,1.3077128369362256,0.9948521085709761,2.1460773940011224,0.0,1.1051502145922765,0.08865248226950229,0.2954384263691434,0.6451612903225712,0.11210762331839152,0.20822169899818999,0.37722908093278384,3.322475570032579,0.9169928490626589,0.4180617941085707,0.8342743980329859,0.8978910969732912,1.2079378774805916,2.2848200312989064,1.496724463314214,2.299387027752675,-0.09985170210753402,0.9402915038530413,0.7292616226071136,0.7524454477050524,1.8318607150369814,0.5533596837944632,0.7044864664441874,0.9831460674157411,0.5270092226614009,0.4104350253396172,***,1.2315270935960632,0.053821313240032254,3.836571998006977,-1.703967856311861,2.2002763821222793,0.9574875302794217,3.0095036958817323,-0.2860259170448298,0.5405435398111225,0.3231017770597644,0.47235683130359973,-0.4975138766050158,2.488335925349916,0.5930767027903627,1.4820994693816036,1.6423923148435104,0.0,0.695915279878978,1.9558359621451027,0.5453837164004716,0.7132667617689048,-0.24015369836695166,-0.22172949002217113,1.1479644622400142,1.5105740181268867,-0.2271498107084935,-0.20684759454364654,0.6988603215823952,3.007797994801331,0.2284065800612023,1.551342693941793,0.744992008271228
2019-10-31,-0.8208220427458723,-0.26881720430107503,-0.49212598425196763,-0.5084745762711895,-1.6557014955828397,-0.03556404664805113,-0.28818004491888427,0.2901309651220929,0.0,-1.0422163588390543,0.06947280697169322,-0.3681244056098154,-1.6202439468414376,-1.0348033415265356,-1.1010254792422902,-1.4333706606942886,-0.5767440805335533,1.1196000680687046,0.8791760864104603,-2.257294880697669,-0.3898635477582846,1.3617232193892104,0.12782275244993535,0.43966780654616233,0.24979184013322886,-1.1929824561403457,-0.19310344827586645,-0.42479546884832686,1.7608077800076893,-3.0622956599136497,-0.7358953393295176,0.0,2.4195609508871563,2.6308199664897725,-2.000842511424483,-0.7519654553345911,0.0,-0.2813731007315745,-0.47808764940239223,-0.8503401360544172,2.1931559603273865,-0.5354752342704105,0.47434238896075787,-0.44130626654897975,-3.3245716887660204,-0.6664973244900896,0.45045045045044585,-0.15591881626053627,0.34411562284928365,-0.03256268316509381,0.8763403628263777,0.0,0.26616433727424393,-1.388887601134181,-2.0839200225288623,0.5982367758186502,0.37558828721024895,-1.2053736121982572,-0.06653028105676473,-0.46794572497921294,-1.0820559062218238,0.4914933837429025,0.6000017438616112,1.6064257028112428,-1.3172338090010949,-0.5586592178770999,-0.9138381201044377,-0.8430214815361547,***,-4.12194074710176,-0.7743658210947912,-1.206005414718192,0.26800261070980547,-0.47727521961818953,-0.3054554454418712,-0.31578947368421373,0.0,-1.0695172488484506,-0.1934859722670157,0.08342263289127239,-0.7757376211368183,-0.9244992295839749,-0.8817805680574886,0.0279737352491205,-0.5853357979051177,0.3972194637537285,-3.6443148688046656,-0.5021971123666091,0.23428348301444135,-1.6554416379137238,0.6769825918762074,0.3560302625723155,-0.21215393124658366,-0.5707401415799285,-0.634135855546003,1.0685263887376673,-0.08886593602562831,-2.3213638012332227,-1.129131581006626,1.2465695037527258,-1.1240233608761363
2019-10-30,-2.465218452526241,0.3597122302158251,0.7436787307882886,0.9409751924722043,-3.5018604100977457,-0.21290830799406413,-1.6997195711257351,-1.8975331793604777,0.6740452326324586,2.612697982943013,0.9821072371188011,-1.921734817318388,1.1229749631811448,-0.7469635815955389,-1.4663791096769296,0.20197486535009634,0.6125060676065663,-0.919911753338043,0.3023431594860071,1.63435560045746,0.14641288433381305,0.3977146786141583,1.163793103448274,1.036525172754188,-0.2491694352159457,-0.8005569091541931,-0.27510316368638543,2.3345677024633638,0.0457519301442888,-2.0682523920559026,1.1998345055854287,1.1363636363636465,1.3302059050021686,1.8251343734643433,-1.452885051339592,2.4255632824185414,0.1994017946161497,1.600914808461984,1.2096774193548487,0.0,-0.7257425458655486,0.60606060606061,0.15115525804361152,-1.7346053772766656,-0.4549073189503816,1.0621777470247729,2.5404157043879882,-0.3625127834827713,-0.3429355281207136,-1.6335682254964734,-3.34117934283088,1.013512533890082,-2.0484171322160183,-1.1328524998741152,0.7947771785410174,-0.7810059356451071,-1.388888888888884,-1.0550472714485393,0.8272805381847492,-2.509124122523898,-2.8613138686131356,-2.649981597350015,-1.0600706713780883,1.3018714401952902,-0.9782608695652173,-0.4172461752433909,-1.246239793725823,1.17647058823529,***,-0.02146383344064917,1.6834102633722425,-2.2141997593261076,0.10059952404042338,-0.4193420551806937,0.07641638522160044,1.986044015029531,1.4735445843834905,-2.419357699090463,-0.3854802441374927,0.41887740140569285,1.1412238999795488,2.124311565696302,0.26195753979552094,-1.0791350200192396,0.03081664098614212,-1.080550098231825,1.449275362318847,1.9193857965451144,0.7078254030672415,2.561149322729306,0.8780487804878057,0.5819158460161233,-1.298138010815142,-0.44856460148869903,1.2294636057012198,0.5606152446314239,-0.41719574895143774,-1.1827956989247324,-1.4964598375094784,-4.83985613969915,0.33532705548549036
2019-10-29,0.29375764993879727,0.4063205417607296,0.04960317460318553,0.7324429125376897,0.9723743417644926,-0.21246675512873736,-0.1414441504595687,2.1317874444706453,-0.9064869805254783,-0.685668190373756,0.8489542953138418,0.7155432379490456,0.07369196757553986,-0.8945170588737006,-0.04766735083934215,-0.44682752457551045,0.4208541069063765,0.7633637960007933,0.10088272383355079,-3.798830509185791,-0.09751340809360798,-0.7401924723305031,0.9134406263592965,0.8461921353907442,0.291545189504383,0.9132420091324311,1.000277854959708,0.27445915402002363,0.48276002379670224,-1.577611248608457,-0.12396694214875659,-0.09205277692543312,-1.0069739315579196,0.9509694523124113,0.5845485997847177,0.1842723302531324,-0.09960159362549792,-0.5967604433077534,0.1615508885298933,-1.0767200792717646,0.8086158980475489,-1.065956029313786,-0.6009873363382656,2.035398230088492,-1.180040474718802,1.2326284703641832,-1.2542759407069504,-0.25826445466776704,-3.920922570016472,0.0,0.09420487299447444,-1.0033435215412778,-1.4317158531091723,-1.1369454949480717,0.3417829678154405,-0.031230480949406836,-1.8181818181818188,0.41455268133674394,-0.6773235344547768,-1.9678036829911538,1.2415016257759426,0.5923731951129163,-0.6320224719101097,0.9445585215605679,-0.790797987059666,-0.41551246537395725,-1.3983050847457656,-0.17616150697697952,***,-0.021459227467812703,-0.5401026194977065,0.36231884057971175,-1.0617059569523968,-0.8317087016362579,-0.5699087881576914,-0.7987220447284393,0.08938411094623344,-0.8932740591184429,-0.35211267605633756,-0.11157430864278117,0.5258155447238178,-2.230769230769236,0.8253549192392517,-0.5777183228378613,-0.642988364972441,1.3944223107569709,0.3264094955489627,0.19230769230769162,-1.966075558982272,0.404505597167093,-0.4371053909664857,-1.8021978021978025,-0.4170231278191383,-1.356933953839412,0.8337904552934816,-1.8344416161510169,-1.2237803877691134,-1.1689691817215686,1.3112054530741046,0.45280969226753065,-0.34100365100354635
2019-10-28,1.339617960803774,1.0492700729926918,0.09930486593843213,2.2917584839136085,3.9513008705186703,-0.14144056356084622,0.7840385741032962,0.978473610431152,0.7692336956036661,0.7449546254910011,1.1811089415304288,0.08217855667225216,0.18456995201181492,0.3715208071304099,1.2792706895264017,1.588742623694972,0.6188905200274819,0.1638382211736067,-0.9245377311344338,0.0,1.4342235410484738,0.5707165739376574,-1.203266007735282,0.7522567703109218,-0.3734439834024883,-0.0351123595505598,0.755879059350506,-0.7689842999038743,-0.8659954190248564,2.3171032947304493,1.212881639481389,-0.21432945499081368,-0.48817741464644016,-1.2327596291599296,2.2411953041622246,2.152939740349269,1.5166835187057526,1.1497556769186623,-0.053821313240043356,-3.7252994963561825,-0.2304938970702941,1.2137559002022957,0.5394907207596056,3.008204193254338,-2.2197815612122307,-1.4474040299452429,2.333722287047846,0.9384791569956752,2.6378085897869497,0.4181408813123122,-0.18805543122866197,0.16750802735814307,0.7769168325394427,-1.783332824707029,2.992079788794366,1.6185337987940418,-2.309057290723371,2.0686456127896102,-0.36509002533373636,-0.9743121871162663,0.8045292014302818,1.9245283018867854,0.6360424028268641,-0.2458009012699658,0.0,0.1386962552011095,0.42553191489360653,0.9185203269675979,***,0.19350677273703987,0.21650879566983416,0.5342399222923788,1.3109223181460017,1.2065293915315634,0.727142940231551,5.387205387205385,1.2214417149815526,0.1884097459889711,0.7741935483871032,1.3570787750380786,1.7509682577120378,0.6971340046475705,1.6784156100847047,1.2252837153157836,1.5547263681592094,0.1996007984031989,-0.38427431274017376,2.699144173798551,-0.3074558032282848,0.02890349812589843,0.5862237420615646,-1.0869565217391353,0.08346015757880743,1.4362620040825336,-1.5977545071790944,0.4838723740819395,-0.273974112505726,2.431059506531197,0.18472780663683075,2.2915658974747233,0.09283643508088968
2019-10-25,1.6081883850920908,0.13704888076746524,-1.0319410319410305,1.977528089887648,1.256104669260516,0.8199599974933136,-0.8013184054446287,0.29440178397552863,1.1181304920314217,1.0954402300424437,0.7936441531647631,2.3798118143746327,-1.8656040572360033,-0.030952058689714956,0.7416383691109418,-0.5417607223476284,-1.7285512170252093,1.0206930226293043,0.07501875468867159,0.39215686274509665,2.0954304468568496,-2.3267101215473818,-3.2432432432432434,0.45340050377833396,0.20790020790020236,1.2442232492001493,0.7048209754722201,-0.6683640992998119,-0.925718256946706,0.9726635821235341,0.0837170364169193,0.523237919359798,1.1434504795835965,3.903634812078627,0.8177292216802856,-1.1283019738628663,-0.6529382219989999,-2.902595590287471,-0.02690341673392549,0.0,0.5019257887910245,-0.13468013468013185,0.5206073752711537,-0.8585630366019004,-2.2451416764348697,0.36316313786883825,1.5001973943939984,0.4714558323985374,0.06768189509305245,1.2703583061889345,-0.653904304232733,0.08381621920983129,-0.880096922122775,0.2506291223111079,-2.4606580829756752,0.6387735547748408,-0.7929528862369195,-1.6188714382072367,-2.3655177865268717,-0.04426332334138694,-0.7981081879988139,0.5692599620493288,-1.4623955431754876,-0.12274959083469206,-2.3859649122807025,-1.2328767123287676,0.25597269624573205,-0.029622660458417105,***,0.17230239069567777,0.40760869565217295,1.2042270828213297,1.2593643161205703,1.5384517938913378,-0.6841574567803987,2.4726854514088625,-0.4279265532622478,-1.9852275764492777,-1.1164274322169043,0.283527067022904,-0.31514855587121415,1.1755485893417017,-0.4012076838995293,0.9842519516102488,0.8782936010037545,1.21212121212122,-0.382803297997647,0.26402640264027166,-1.1398176291793294,-1.4245014245014231,-1.1111111111111072,-0.43290043290042934,-0.6633322255821028,0.5717798627324244,0.0,-1.7210158511035245,-0.3722027643208947,0.6206644760861524,6.097560813516734,-0.12174451061647273,-0.05185110856230635
2019-10-24,0.19193487544673093,-0.3641329085116052,-0.09818360333824216,1.182355616189179,-0.6241359613816444,0.1070620199499217,0.6642912913330301,0.0,4.9489783321923,5.549934961699665,3.3171915091289916,0.3739866822009663,1.6197312718571721,-0.9806870392785494,0.32935011554466875,-0.15776425512733505,-0.8883306478769226,-0.13774104683195176,1.0869565217391353,0.7109016877775653,1.9562419562419553,-0.6740461805751718,-0.20746887966804906,0.9664292980671396,1.0504201680672232,1.1143062544931803,1.0541310541310578,0.5922842964622976,1.4197347186044595,-3.2061084232864134,2.0068317677198966,-0.0922509225092294,1.5571348420164721,2.5969923762393377,-0.705125596788192,2.187094339836171,1.5816326530612157,2.72362385321101,2.4531422271223846,1.097103663518495,1.2114131213186496,3.3402922755741082,1.318681318681314,2.596198423736662,0.4423863481976653,1.1280135507008904,1.9110842888754753,-0.5211047586272555,2.178423236514515,0.7879185817465606,-1.6536476321506122,0.08389453706232342,0.7016338625225771,-0.7133382778426123,0.7785467128027745,0.3204101249599578,6.074766355140193,-0.1846764284403002,0.3903681997706743,-3.337613672919859,1.045400238948635,2.6090342679127687,0.6871441006622181,3.1658927817644678,-0.8350730688935326,2.0979020979021046,-0.4670912951167727,-0.5010261569742269,***,0.8033000434216175,3.984176320994637,0.27106949236077593,1.9430865193422298,-3.3856513918644193,-0.07595203141839146,3.266033254156775,1.3698630136986356,1.2149561231381334,1.7857142857142794,1.584101326793852,-0.16941243619337243,1.6733067729083562,-0.16688918218087379,1.2240303045729206,0.15708451146716484,4.8728813559322015,1.4639976097998275,1.3377926421404673,-0.4914933837429136,1.916378112799677,0.9756097560975618,-0.2159827213822907,-0.371742291584487,-0.805973793143655,1.4456247946555756,-0.4284089958251136,-0.9462999219245871,0.9583486914854333,-0.2606389455606539,-1.7464075912344001,0.9310343018796186
2019-10-23,1.0102065728635257,-0.4079782411604671,-0.19598236158745452,2.041763341067293,0.8861983252624439,1.1552390639101962,0.6927840072145752,0.24594195400611252,-0.8598876379414033,1.705130089666329,0.2241223603208109,0.2903785351950461,1.8178410794602806,-2.4222506732530125,1.3099327021791396,-2.2902444395507593,-1.2531327841571738,-2.340600463092124,1.801338136901709,1.4524692153965013,0.6216006216006154,0.09638407144201278,0.8368200836819994,1.287995878413195,0.8047437526471857,2.4300441826214936,-1.1546043368065306,0.2889709423663511,-0.7499972256747145,3.366645813256497,-0.21303792074989225,0.4323656578134605,-0.4204990823600485,-1.6615365835336515,1.16731384030202,1.655390600674167,-0.2544529262086481,-1.3016411997736288,-1.413043478260867,0.04914609779982371,-0.6599426113165996,0.0,0.2533876831552373,0.8415147265077083,0.15128196909144354,-0.07863375962483543,-0.480480480480483,-0.9803968655077933,-0.8910212474297463,1.2632978723404298,0.3225792388212856,0.6756750225933805,0.222048689427079,-0.21519792822976003,-2.77544154751892,0.8074935400516736,5.6007927191516815,1.3570468866107799,1.26276488919006,-2.908184498857813,-1.875732708089095,-0.7727975270479082,-0.056065089567269855,0.7656316461080337,2.3868899180619962,-2.7210884353741527,-1.6701461377870541,0.6526198901276592,***,0.9423624808240216,0.4256526674233818,0.744786494538241,0.48815358216580673,0.2483396682514183,-0.18953753720125643,3.8224414303329235,-1.7496608359242716,1.086444537039899,0.0,0.930236106695137,-0.481695554238748,0.40000000000000036,2.7787327970894005,0.5437876158198351,0.8555133079847899,0.0,-1.2101534828807603,0.13395847287340779,0.30337504740234333,0.7606805723733512,-1.9138755980861233,-0.08631851532153734,-0.941109088587988,-1.3835772852921813,-0.4361574528404799,-0.4936082896065397,1.6997882440197065,0.44427989633468723,0.5459707432460048,1.3333321392270836,0.6682869367417688
2019-10-22,***,***,***,***,***,***,***,***,***,***,***,***,***,***,***,***,***,***,***,***,***,***,***,***,***,***,***,***,***,***,***,***,***,***,***,***,***,***,***,***,***,***,***,***,***,***,***,***,***,***,***,***,***,***,***,***,***,***,***,***,***,***,***,***,***,***,***,***,***,***,***,***,***,***,***,***,***,***,***,***,***,***,***,***,***,***,***,***,***,***,***,***,***,***,***,***,***,***,***,***,***
***,AAL.L,ABF.L,ADM.L,AHT.L,ANTO.L,AUTO.L,AV.L,AVST.L,AVV.L,AZN.L,BA.L,BARC.L,BATS.L,BDEV.L,BHP.L,BKG.L,BLND.L,BME.L,BNZL.L,BP.L,BRBY.L,BT-A.L,CCH.L,CPG.L,CRDA.L,CRH.L,DCC.L,DGE.L,ENT.L,EVR.L,EXPN.L,FERG.L,FLTR.L,FRES.L,GLEN.L,GSK.L,HIK.L,HL.L,HLMA.L,HSBA.L,IAG.L,ICP.L,IHG.L,III.L,IMB.L,INF.L,ITRK.L,JD.L,JET.L,JMAT.L,KGF.L,LAND,LGEN.L,LLOY.L,LSEG.L,MNDI.L,MNG.L,MRO.L,NG.L,NWG.L,NXT.L,OCDO.L,PHNX.L,POLY.L,PRU.L,PSH.L,PSN.L,PSON.L,RB.L,RDSA.L,REL.L,RIO.L,RMV.L,RR.L,RSA.L,RSW.L,RTO.L,SBRY.L,SDR.L,SGE.L,SGRO.L,SKG.L,SLA.L,SMDS.L,SMIN.L,SMT.L,SN.L,SPX.L,SSE.L,STAN.L,STJ.L,SVT.L,TSCO.L,TW.L,ULVR.L,UU.L,VOD.L,WEIR.L,WPP.L,WTB.L,^FTSE
