Info,Close,Close.1,Close.2,Close.3,Close.4,Close.5,Close.6,Close.7,Close.8,Close.9,Close.10,Close.11,Close.12,Close.13,Close.14,Close.15,Close.16,Close.17,Close.18,Close.19,Close.20,Close.21,Close.22,Close.23,Close.24,Close.25,Close.26,Close.27,Close.28,Close.29,Close.30,Close.31,Close.32,Close.33,Close.34,Close.35,Close.36,Close.37,Close.38,Close.39,Close.40,Close.41,Close.42,Close.43,Close.44,Close.45,Close.46,Close.47,Close.48,Close.49,Close.50,Close.51,Close.52,Close.53,Close.54,Close.55,Close.56,Close.57,Close.58,Close.59,Close.60,Close.61,Close.62,Close.63,Close.64,Close.65,Close.66,Close.67,Close.68,Close.69,Close.70,Close.71,Close.72,Close.73,Close.74,Close.75,Close.76,Close.77,Close.78,Close.79,Close.80,Close.81,Close.82,Close.83,Close.84,Close.85,Close.86,Close.87,Close.88,Close.89,Close.90,Close.91,Close.92,Close.93,Close.94,Close.95,Close.96,Close.97,Close.98,Close.99,Close.100,Close.101,Close.102,Close.103,Close.104,Close.105,Close.106,Close.107,Close.108,Close.109,Close.110,Close.111,Close.112,Close.113,Close.114,Close.115,Close.116
issuer_name,NIPPON SUISAN KAISHA  LTD.,TAISEI CORP.,OBAYASHI CORP.,SHIMIZU CORP.,SEKISUI HOUSE  LTD.,NISSHIN SEIFUN GROUP INC.,NH FOODS LTD.,SAPPORO HOLDINGS LTD.,TAKARA HOLDINGS INC.,SOJITZ CORP.,NICHIREI CORP.,TOYOBO CO.  LTD.,UNITIKA  LTD.,NISSHINBO HOLDINGS INC.,TOKYU FUDOSAN HOLDINGS CORP.,SEVEN & I HOLDINGS CO.  LTD.,TEIJIN LTD.,TORAY INDUSTRIES  INC.,SUMCO CORP.,NEXON CO. LTD.,OJI HOLDINGS CORP.,NIPPON PAPER INDUSTRIES CO.  LTD.,SHOWA DENKO K.K.,SUMITOMO CHEMICAL CO.  LTD.,NISSAN CHEMICAL CORP.,TOSOH CORP.,TOKUYAMA CORP.,SHIN-ETSU CHEMICAL CO.  LTD.,UBE INDUSTRIES  LTD.,TAKEDA PHARMACEUTICAL CO.  LTD.,SUMITOMO DAINIPPON PHARMA CO.  LTD.,SHIONOGI & CO.  LTD.,TERUMO CORP.,OTSUKA HOLDINGS CO.  LTD.,Z HOLDINGS CORP.,TREND MICRO INC.,RAKUTEN  INC.,SHISEIDO CO.  LTD.,THE YOKOHAMA RUBBER CO.  LTD.,NIPPON SHEET GLASS CO.  LTD.,NIPPON ELECTRIC GLASS CO. LTD.,SUMITOMO OSAKA CEMENT CO.  LTD.,TAIHEIYO CEMENT CORP.,TOKAI CARBON CO.  LTD.,TOTO LTD.,NGK INSULATORS  LTD.,NIPPON STEEL CORP.,PACIFIC METALS CO.  LTD.,THE JAPAN STEEL WORKS  LTD.,NIPPON LIGHT METAL HOLDINGS CO.  LTD.,TOHO ZINC CO.  LTD.,SUMITOMO METAL MINING CO.  LTD.,SUMITOMO ELECTRIC IND.  LTD.,TOYO SEIKAN GROUP HOLDINGS  LTD.,RECRUIT HOLDINGS CO.  LTD.,OKUMA CORP.,SUMITOMO HEAVY IND.  LTD.,NSK LTD.,NTN CORP.,YASKAWA ELECTRIC CORP.,OMRON CORP.,NEC CORP.,OKI ELECTRIC IND. CO.  LTD.,SEIKO EPSON CORP.,PANASONIC CORP.,SHARP CORP.,SONY CORP.,TDK CORP.,YOKOGAWA ELECTRIC CORP.,TAIYO YUDEN CO.  LTD.,NITTO DENKO CORP.,NISSAN MOTOR CO.  LTD.,TOYOTA MOTOR CORP.,SUZUKI MOTOR CORP.,SUBARU CORP.,YAMAHA MOTOR CO.  LTD.,NIKON CORP.,OLYMPUS CORP.,SCREEN HOLDINGS CO.  LTD.,RICOH CO.  LTD.,TOPPAN PRINTING CO.  LTD.,YAMAHA CORP.,TOYOTA TSUSHO CORP.,TOKYO ELECTRON LTD.,SUMITOMO CORP.,TAKASHIMAYA CO.  LTD.,SHINSEI BANK  LTD.,RESONA HOLDINGS  INC.,SUMITOMO MITSUI TRUST HOLDINGS  INC.,SUMITOMO MITSUI FINANCIAL GROUP  INC.,THE CHIBA BANK  LTD.,THE SHIZUOKA BANK  LTD.,NOMURA HOLDINGS  INC.,SOMPO HOLDINGS  INC.,TOKIO MARINE HOLDINGS  INC.,T&D HOLDINGS  INC.,TOKYO TATEMONO CO.  LTD.,SUMITOMO REALTY & DEVELOPMENT CO.  LTD.,TOBU RAILWAY CO.  LTD.,TOKYU CORP.,ODAKYU ELECTRIC RAILWAY CO.  LTD.,WEST JAPAN RAILWAY CO.V,NIPPON EXPRESS CO. LTD.,YAMATO HOLDINGS CO.  LTD.,NIPPON YUSEN K.K.,SKY PERFECT JSAT HOLDINGS INC.,NIPPON TELEGRAPH & TELEPHONE CORP.,SOFTBANK CORP.,TOKYO ELECTRIC POWER COMPANY HOLDINGS  I,THE KANSAI ELECTRIC POWER CO.  INC.,TOKYO GAS CO.  LTD.,OSAKA GAS CO.  LTD.,TOHO CO.  LTD,NTT DATA CORP.,SECOM CO.  LTD.,SOFTBANK GROUP CORP.,NIKKEI 225
S&P 2021,***,***,***,***,***,***,***,***,***,***,***,***,***,***,***,AA-,***,***,***,***,***,***,***,***,***,***,***,***,***,***,***,***,***,***,***,***,***,***,***,***,***,***,***,***,***,***,***,***,***,***,***,***,A,***,***,***,***,***,***,***,***,BBB,***,***,A-,***,***,***,***,***,***,***,***,***,***,***,***,***,***,***,***,***,***,***,***,***,***,***,***,***,***,***,***,***,***,***,***,***,***,***,***,***,***,***,***,***,***,***,***,***,***,***,***,***,***,***,***
S&P 2020,***,***,***,***,***,***,***,***,***,BBB-,***,***,***,***,***,***,***,***,***,***,***,***,***,***,***,***,***,***,***,***,***,***,***,***,***,***,***,***,***,***,***,***,***,***,***,***,BBB,***,***,***,***,***,***,***,***,***,***,***,***,***,A,***,***,***,***,***,***,A-,***,***,***,BBB / BBB-,A+,***,***,***,***,BBB+,***,***,***,***,A,***,BBB+,***,BBB,***,***,***,A-,A-,***,***,***,***,***,***,***,***,***,***,***,***,***,***,A,***,***,***,***,***,***,A,***,***,***
S&P 2019,***,***,***,***,***,***,***,***,***,***,***,***,***,***,***,***,***,***,***,***,***,***,***,***,***,***,***,***,***,BBB+,***,***,***,***,***,***,***,***,***,***,***,***,***,***,***,***,***,***,***,***,***,***,***,***,A,***,***,***,***,***,***,***,***,***,***,***,A-,***,***,***,***,A- / BBB+,***,***,***,***,***,***,***,***,***,***,***,***,***,***,***,***,***,***,***,***,BBB+,***,***,***,***,***,***,***,***,***,***,***,***,***,***,***,BB+,***,***,***,***,***,***,***,***
S&P 2018,***,***,***,***,***,***,***,***,***,***,***,***,***,***,***,***,***,***,***,***,***,***,***,***,***,***,***,***,***,***,***,***,***,***,***,***,BBB-,***,***,***,***,***,***,***,***,***,***,***,***,***,***,***,***,***,***,***,***,***,***,***,***,BBB-,***,***,***,BB-,BBB+,***,***,***,***,***,***,***,***,***,***,***,***,BBB+,***,***,***,***,***,***,***,***,***,***,***,A,A,***,***,***,***,***,***,***,***,***,***,***,***,***,***,***,***,***,***,***,***,***,A-,***,***
S&P 2017,***,***,***,***,***,***,***,***,***,***,***,***,***,***,***,***,***,***,***,***,***,***,***,***,***,***,***,***,***,A-,***,***,***,***,***,***,***,***,***,***,***,***,***,***,***,***,***,***,***,***,***,***,***,***,***,***,***,***,***,***,***,***,***,***,***,B+,BBB,***,***,***,***,A,***,***,***,***,***,***,***,***,***,***,***,***,***,***,***,***,***,***,***,***,***,***,***,***,***,***,***,***,***,***,***,***,***,***,***,***,BB,***,***,***,***,***,***,***,***
S&P 2016,***,***,***,***,***,***,***,***,***,***,***,***,***,***,***,***,***,***,***,***,***,***,***,***,***,***,***,***,***,***,***,***,***,***,***,***,***,***,***,***,***,***,***,***,***,***,***,***,***,***,***,***,***,***,***,***,***,***,***,***,***,***,***,***,***,CCC+ / B-,***,***,***,***,***,BB-,***,***,***,***,***,***,***,A-,***,***,***,***,***,***,***,***,***,***,***,***,***,***,***,***,***,***,***,***,***,***,***,***,***,***,***,***,BB-,***,***,***,***,***,***,***,***
Moody's 2021,***,***,***,***,***,***,***,***,***,***,***,***,***,***,***,A2,***,***,***,***,***,***,***,***,***,***,***,***,***,***,***,***,***,***,***,***,***,A2,***,***,***,***,***,***,***,***,***,***,***,***,***,***,***,***,***,***,***,***,***,***,***,***,***,***,***,***,***,Baa1,***,***,***,***,***,***,***,***,***,***,***,***,***,***,***,***,***,***,***,***,***,***,***,***,Baa1,***,***,***,***,***,***,***,***,***,***,***,***,***,***,***,***,***,***,***,***,***,***,***,***
Moody's 2020,***,***,***,***,***,***,***,***,***,***,***,***,***,***,***,A2,***,***,***,***,***,***,***,***,***,***,***,Aa3,***,***,***,***,***,***,***,***,***,***,***,***,***,***,***,***,***,***,Baa2,***,***,***,***,***,A2,***,A3,***,***,***,***,***,***,***,***,***,Baa1,***,Baa1,***,***,***,***,Baa1 / Baa3,A1,***,***,Baa1,***,***,***,***,***,***,***,***,***,***,A3,***,***,***,A1,A1,***,***,***,***,***,***,***,***,***,***,***,***,Baa2,***,***,***,***,A3,A1,***,***,***,***,Baa3,***
Moody's 2019,***,***,***,***,***,***,***,***,***,***,***,***,***,***,***,***,***,***,***,***,***,***,***,***,***,***,***,***,***,Baa2,***,***,***,***,***,***,***,A2,***,***,***,***,***,***,***,***,***,***,***,***,***,***,***,***,A3,***,***,***,***,***,***,***,***,***,***,***,***,***,***,***,***,A3,***,***,***,***,***,***,***,***,***,***,***,***,***,***,***,***,***,***,***,***,***,***,***,***,***,***,***,***,***,***,***,***,***,***,A1,***,Ba1,***,***,A1,***,***,***,***,***
Moody's 2018,***,***,***,***,***,***,***,***,***,***,***,***,***,***,***,A1,***,***,***,***,***,***,***,***,***,***,***,***,***,A2,***,***,***,***,***,***,***,***,***,***,***,***,***,***,***,***,***,***,***,***,***,***,***,***,***,***,***,***,***,***,***,***,***,***,***,***,Baa2,***,***,***,***,***,***,***,***,***,***,***,***,***,***,***,A3,***,***,***,***,***,***,***,***,***,Baa1,***,***,***,***,***,***,***,***,***,***,***,Ba1,***,Aa3,***,***,***,***,***,***,***,***,***,***
Moody's 2017,***,***,***,***,***,***,***,***,***,***,***,***,***,***,***,***,***,***,***,***,***,***,***,***,***,***,***,***,***,A1,***,***,***,***,***,***,***,***,***,***,***,***,***,***,***,***,***,***,***,***,***,***,***,***,***,***,***,***,***,***,***,***,***,***,***,***,***,***,***,***,***,A2,***,***,***,***,***,***,***,***,***,***,***,***,Baa1,***,***,***,***,A1,***,***,***,***,***,***,***,***,***,***,***,***,***,***,***,***,***,***,Ba3,***,***,***,***,***,***,***,***
Moody's 2016,***,***,***,***,***,***,***,***,***,***,***,***,***,***,***,***,***,***,***,***,***,***,***,***,***,***,***,***,***,***,***,***,***,***,***,***,***,***,***,***,***,***,***,***,***,***,Baa1,***,***,***,***,***,***,***,***,***,***,***,***,***,***,***,***,***,A3,***,Baa3,***,***,***,***,***,***,***,***,***,***,***,***,***,***,***,***,***,***,***,***,***,***,***,***,***,***,***,***,***,***,***,***,***,***,***,***,***,***,***,***,***,***,***,Aa3,***,***,***,***,Ba1,***
DateS 2021,***,***,***,***,***,***,***,***,***,***,***,***,***,***,***,2021-01-27,***,***,***,***,***,***,***,***,***,***,***,***,***,***,***,***,***,***,***,***,***,***,***,***,***,***,***,***,***,***,***,***,***,***,***,***,2021-02-23,***,***,***,***,***,***,***,***,2021-03-22,***,***,2021-02-08,***,***,***,***,***,***,***,***,***,***,***,***,***,***,***,***,***,***,***,***,***,***,***,***,***,***,***,***,***,***,***,***,***,***,***,***,***,***,***,***,***,***,***,***,***,***,***,***,***,***,***,***
DateS 2020,***,***,***,***,***,***,***,***,***,2020-07-29,***,***,***,***,***,***,***,***,***,***,***,***,***,***,***,***,***,***,***,***,***,***,***,***,***,***,***,***,***,***,***,***,***,***,***,***,2020-07-13,***,***,***,***,***,***,***,***,***,***,***,***,***,2020-09-29,***,***,***,***,***,***,2020-09-28,***,***,***,2020-05-01,2020-05-20,***,***,***,***,2020-02-19,***,***,***,***,2020-05-28,***,2020-08-12,***,2020-06-10,***,***,***,2020-06-10,2020-06-10,***,***,***,***,***,***,***,***,***,***,***,***,***,***,2020-11-17,***,***,***,***,***,***,2020-11-17,***,***,***
DateS 2019,***,***,***,***,***,***,***,***,***,***,***,***,***,***,***,***,***,***,***,***,***,***,***,***,***,***,***,***,***,2019-01-08,***,***,***,***,***,***,***,***,***,***,***,***,***,***,***,***,***,***,***,***,***,***,***,***,2019-08-21,***,***,***,***,***,***,***,***,***,***,***,2019-09-04,***,***,***,***,2019-02-21,***,***,***,***,***,***,***,***,***,***,***,***,***,***,***,***,***,***,***,***,2019-08-01,***,***,***,***,***,***,***,***,***,***,***,***,***,***,***,2019-01-24,***,***,***,***,***,***,***,***
DateS 2018,***,***,***,***,***,***,***,***,***,***,***,***,***,***,***,***,***,***,***,***,***,***,***,***,***,***,***,***,***,***,***,***,***,***,***,***,2019-11-08,***,***,***,***,***,***,***,***,***,***,***,***,***,***,***,***,***,***,***,***,***,***,***,***,2018-12-28,***,***,***,2018-06-08,2018-05-01,***,***,***,***,***,***,***,***,***,***,***,***,2018-03-06,***,***,***,***,***,***,***,***,***,***,***,2018-07-17,2018-09-18,***,***,***,***,***,***,***,***,***,***,***,***,***,***,***,***,***,***,***,***,***,2018-12-06,***,***
DateS 2017,***,***,***,***,***,***,***,***,***,***,***,***,***,***,***,***,***,***,***,***,***,***,***,***,***,***,***,***,***,2017-02-27,***,***,***,***,***,***,***,***,***,***,***,***,***,***,***,***,***,***,***,***,***,***,***,***,***,***,***,***,***,***,***,***,***,***,***,2017-07-21,2017-03-09,***,***,***,***,2017-01-13,***,***,***,***,***,***,***,***,***,***,***,***,***,***,***,***,***,***,***,***,***,***,***,***,***,***,***,***,***,***,***,***,***,***,***,***,2017-04-25,***,***,***,***,***,***,***,***
DateS 2016,***,***,***,***,***,***,***,***,***,***,***,***,***,***,***,***,***,***,***,***,***,***,***,***,***,***,***,***,***,***,***,***,***,***,***,***,***,***,***,***,***,***,***,***,***,***,***,***,***,***,***,***,***,***,***,***,***,***,***,***,***,***,***,***,***,2016-05-17,***,***,***,***,***,2016-05-16,***,***,***,***,***,***,***,2016-05-08,***,***,***,***,***,***,***,***,***,***,***,***,***,***,***,***,***,***,***,***,***,***,***,***,***,***,***,***,2016-04-01,***,***,***,***,***,***,***,***
DateM 2021,***,***,***,***,***,***,***,***,***,***,***,***,***,***,***,2021-01-25,***,***,***,***,***,***,***,***,***,***,***,***,***,***,***,***,***,***,***,***,***,2021-03-08,***,***,***,***,***,***,***,***,***,***,***,***,***,***,***,***,***,***,***,***,***,***,***,***,***,***,***,***,***,2021-02-16,***,***,***,***,***,***,***,***,***,***,***,***,***,***,***,***,***,***,***,***,***,***,***,***,2021-03-31,***,***,***,***,***,***,***,***,***,***,***,***,***,***,***,***,***,***,***,***,***,***,***,***
DateM 2020,***,***,***,***,***,***,***,***,***,***,***,***,***,***,***,2020-08-04,***,***,***,***,***,***,***,***,***,***,***,2020-10-01,***,***,***,***,***,***,***,***,***,***,***,***,***,***,***,***,***,***,2020-02-26,***,***,***,***,***,2021-04-06,***,2020-09-15,***,***,***,***,***,***,***,***,***,2020-02-10,***,2020-12-04,***,***,***,***,2020-02-20,2020-03-26,***,***,2020-03-26,***,***,***,***,***,***,***,***,***,***,2020-05-21,***,***,***,2020-05-21,2020-05-21,***,***,***,***,***,***,***,***,***,***,***,***,2020-07-21,***,***,***,***,2020-04-28,2020-06-11,***,***,***,***,2020-03-25,***
DateM 2019,***,***,***,***,***,***,***,***,***,***,***,***,***,***,***,***,***,***,***,***,***,***,***,***,***,***,***,***,***,2018-12-17,***,***,***,***,***,***,***,2019-11-29,***,***,***,***,***,***,***,***,***,***,***,***,***,***,***,***,2019-12-02,***,***,***,***,***,***,***,***,***,***,***,***,***,***,***,***,2019-05-24,***,***,***,***,***,***,***,***,***,***,***,***,***,***,***,***,***,***,***,***,***,***,***,***,***,***,***,***,***,***,***,***,***,***,2019-06-21,***,2019-11-11,***,***,2019-08-19,***,***,***,***,***
DateM 2018,***,***,***,***,***,***,***,***,***,***,***,***,***,***,***,2018-09-12,***,***,***,***,***,***,***,***,***,***,***,***,***,2018-05-09,***,***,***,***,***,***,***,***,***,***,***,***,***,***,***,***,***,***,***,***,***,***,***,***,***,***,***,***,***,***,***,***,***,***,***,***,2018-03-22,***,***,***,***,***,***,***,***,***,***,***,***,***,***,***,2018-10-25,***,***,***,***,***,***,***,***,***,2018-11-22,***,***,***,***,***,***,***,***,***,***,***,2018-12-21,***,2018-09-18,***,***,***,***,***,***,***,***,***,***
DateM 2017,***,***,***,***,***,***,***,***,***,***,***,***,***,***,***,***,***,***,***,***,***,***,***,***,***,***,***,***,***,2017-02-27,***,***,***,***,***,***,***,***,***,***,***,***,***,***,***,***,***,***,***,***,***,***,***,***,***,***,***,***,***,***,***,***,***,***,***,***,***,***,***,***,***,2017-01-26,***,***,***,***,***,***,***,***,***,***,***,***,2017-11-29,***,***,***,***,2017-01-06,***,***,***,***,***,***,***,***,***,***,***,***,***,***,***,***,***,***,2017-05-19,***,***,***,***,***,***,***,***
DateM 2016,***,***,***,***,***,***,***,***,***,***,***,***,***,***,***,***,***,***,***,***,***,***,***,***,***,***,***,***,***,***,***,***,***,***,***,***,***,***,***,***,***,***,***,***,***,***,2016-04-21,***,***,***,***,***,***,***,***,***,***,***,***,***,***,***,***,***,2016-10-25,***,2016-12-13,***,***,***,***,***,***,***,***,***,***,***,***,***,***,***,***,***,***,***,***,***,***,***,***,***,***,***,***,***,***,***,***,***,***,***,***,***,***,***,***,***,***,***,2016-11-22,***,***,***,***,2016-07-20,***
2020-08-07,-0.8583690987124415,-2.7181688125894166,-1.4925373134328401,-1.1508951406649648,-0.07488766849725881,-0.17730496453900457,-0.4206098843322792,-6.246691371095814,-0.30832476875641834,0.43290043290042934,-0.9650582362728755,-4.585427135678389,1.608579088471851,1.327433628318575,2.314814814814814,0.3939393939393909,0.36923076923076614,-2.0837523866746976,-8.974358974358976,-4.092958723551854,0.21929824561404132,-3.4407027818448066,-1.1140819964349347,-1.1527377521613813,-1.1884550084889645,0.7107320540156392,-2.2323117669315162,-3.230890464933023,-1.4270032930845278,-1.2963443090484805,0.5243445692883819,-0.5431204739960505,-2.1845851742758993,1.9960079840319445,0.7751937984496138,-1.6742770167427756,1.934235976789167,-8.641160949868077,2.685950413223148,1.08108108108107,-1.6793066088840791,-4.941482444733425,-1.6837782340862417,-0.22050716648290836,-0.730816077953711,0.13513513513514486,-1.7860803922304602,-0.6365372374283917,-0.4326328800988821,3.2608695652173836,2.3471278567016585,-3.0738293593794874,-0.9728415079043318,-1.0638297872340385,-0.19466073414905471,-0.22148394241418012,-0.3119429590017875,0.42075736325386526,1.0752688172043001,-1.664355062413314,-1.8567639257294433,-2.8880866425992746,0.2059732234809486,-0.08503401360544505,-1.7420052693460586,0.7352941176470562,0.6731223429381261,-0.688468158347677,0.748847926267282,-0.4310344827586188,-0.8143322475570036,0.5527786620833197,1.1470588235294121,-1.0108668182966851,0.22321428571427937,0.0,-7.313997477931899,3.3684751864232476,-3.053435114503822,-0.2702702702702675,-0.614250614250611,-0.7889546351084853,0.17205781142464183,-2.187992298267105,-1.5643332029722345,1.3280212483399723,0.6745362563237878,0.5368731080114486,0.8085779574617646,0.08622176237282897,1.0040160642570184,0.14164305949009304,-0.11647750230525666,0.5181347150259086,-0.17050298380221207,-0.10845986984815426,2.4369747899159577,2.208370436331264,1.4729950900163713,3.096984515077428,2.808249232119353,2.9841133533705433,1.5065913370998052,-0.6075768406004323,1.0996119016817518,-1.0000000000000009,-0.0996214385335703,-0.03430531732419029,3.412969283276457,1.044256588761816,0.5352571561554553,1.067615658362997,-0.3007518796992459,-1.2234910277324595,0.6938514090520931,-0.41233964569333814,-0.39347999706920156
2020-08-06,-0.21413276231263545,-0.14285714285714457,1.5151515151515138,0.38510911424902705,-0.22415940224159714,-0.5291005291005346,-1.2461059190031154,-2.0228215767634894,-0.9164969450101812,1.7621145374449254,-1.7973856209150374,3.3095392602206397,6.571428571428561,-0.5865102639296182,-1.8181818181818188,0.4872107186357999,-2.519496100779839,-0.4230471654585788,-1.4440433212996373,3.7796976241900593,1.1086474501108556,-0.364697301239969,0.17857142857142794,0.8720930232558155,1.376936316695354,0.142348754448407,-0.7882882882882858,-0.19661816751868066,-0.43715846994535346,-1.3050153531217967,-1.8382352941176516,-1.20325203252033,-0.3424657534246589,-0.6609385327164596,3.3653846153846256,1.8604651162790642,-2.1759697256386046,-1.1734028683181186,-0.20618556701030855,-2.1164021164021163,3.4753363228699596,1.3175230566534912,-0.3682487725040873,0.22099447513812542,-0.364077669902918,-0.7377598926894713,-0.3841475683457052,0.8991650610147728,2.2756005056890016,3.370786516853941,0.8094645080946483,2.684365781710918,-0.4037141703673752,1.3477088948786964,-0.3325942350332567,0.33333333333334103,0.3577817531305927,-1.109570041608876,0.540540540540535,0.1388888888888884,-0.7894736842105288,0.0,-0.9183673469387754,-0.6756756756756799,0.1877844062690981,8.127208480565361,-0.9127076995085415,-1.1904761904761862,0.3468208092485492,1.0159651669085612,0.6557377049180246,-2.138077807715366,2.2864019253910906,0.5846466700559327,-1.8261504747991264,-0.05966587112171684,1.2771392081736943,1.6997907949790836,-2.420856610800748,3.7868162692847207,-0.9129640900791269,4.0000000000000036,0.9378256339006574,-2.124378961795448,0.6296733569460811,-0.13262599469495706,2.06540447504302,-0.2255478666518651,0.15845070422535468,0.2593360995850613,-1.5810276679841917,0.14184397163119478,0.019412735133506054,2.230275996654596,1.0118406889128018,0.9857612267250904,0.3372681281618828,-0.8826125330979706,-2.7070063694267565,-2.619047619047621,-3.3092914722104405,-1.9161928827121533,-0.5617977528089901,-1.7901017901017946,-0.8338678640153918,0.25062656641603454,0.0,0.5866114561766667,-1.3468013468013518,-0.6913580246913575,-1.557846506300109,-1.2550200803212896,-1.1887072808320909,-1.60513643659711,-0.573126724686901,-0.6825420900955614,-0.42949084905161694
2020-08-05,-1.0593220338983023,-2.9126213592232997,-0.8016032064128265,-0.2560819462227859,-0.6188118811881194,-0.8741258741258751,-0.10373443983402453,0.05189413596262682,2.2916666666666696,-0.8733624454148492,-2.7027027027026973,0.1299545159194393,1.449275362318847,0.44182621502208974,1.85185185185186,-1.2033694344163681,1.8948655256723734,0.9558636511634244,0.48367593712213,-0.251346499102334,-1.7429193899782147,-0.1456664238892902,-2.0979020979020935,4.878048780487809,0.868055555555558,-1.5416958654519974,0.9473285335354298,2.457695406929905,1.3289036544850585,0.15376729882112805,0.07358351729211954,-0.9980682549903364,-0.12215978499877655,-0.17594018033868508,-1.8867924528301883,-0.3091190108191699,-1.0299625468164764,2.130492676431417,0.13764624913970014,1.0695187165775444,-0.943920044419766,0.3968253968253954,3.5593220338983045,-3.3119658119658113,-0.36275695284159193,2.898550724637672,6.6522924212432555,2.1653543307086576,-0.6905210295040765,1.7142857142857126,1.452937460518,5.739238927011847,0.16174686615446632,-2.539404553415059,1.6051816389749396,0.6711409395973256,0.22411474675032572,-2.6990553306342813,-1.0695187165775444,-1.7735334242837686,0.5291005291005346,-1.2477718360071277,-0.3051881993896277,0.16920473773265332,0.1327300342258697,1.5246636771300448,-1.611789085885329,1.994796183868175,-0.4029936672423684,0.4373177842565523,0.660066006600668,-1.7712550060178023,1.6669215476372568,-1.0314465408804985,-3.136792452830184,-0.2974419988102328,-0.760456273764254,-1.4432989690721598,0.1865671641791078,-2.8610354223433276,-1.20264582080577,-7.495256166982922,1.7314487632508868,0.2060085836909975,1.0337972166998055,-0.6587615283267456,-2.1061499578770015,0.16944538073242477,0.4243281471004279,-0.4132231404958664,-0.3937007874015741,-0.98314606741573,1.000197325860519,-0.3334259516532323,-0.17193208682569905,0.44004400440043057,-2.3868312757201693,-0.6140350877193002,-2.3328149300155476,-0.7874015748031482,-1.7507294706127552,-2.404438964241673,-1.4760147601476037,1.2078152753108418,2.2295081967213193,-0.992555831265507,-1.5109890109890056,-0.6513541309564608,0.33783783783782884,0.3468780971258578,-2.6538804638715385,-2.5440313111546042,-0.8836524300441795,-0.79617834394905,-0.26463427543135243,-4.185438163057698,-0.26052729804526553
2020-08-04,1.505376344086029,0.6983240223463749,4.3933054393305415,5.5405405405405395,4.554865424430643,5.276073619631894,2.8815368196371427,4.218496484586254,1.8027571580063517,3.153153153153143,2.442996742671011,3.288590604026842,5.504587155963292,2.8787878787878807,5.36585365853659,8.912188728702496,7.349081364829391,5.810199976489572,1.1002444987775029,-1.5553199010250984,3.378378378378377,1.7037037037036962,5.195402298850582,5.466237942122176,0.0,5.235988200589969,5.013927576601662,0.04030632809350898,3.7334865020103303,0.2827036751477774,3.503427265803505,1.886173527964563,0.2940455770644501,2.0421903052064705,-3.1963470319634757,0.9360374414976613,4.093567251461994,0.8900083963056193,5.289855072463778,5.9490084985835745,1.4076576576576683,2.4390243902439046,1.636520241171402,2.071973827699014,0.4860267314702238,4.470079307858699,5.7462120416082785,2.3505708529214298,2.7079303675048294,0.5747126436781658,5.39280958721704,-0.7122948281201635,4.39003799071338,2.4215246636771326,3.076923076923066,4.074505238649584,2.3864157870582936,4.366197183098586,4.469273743016755,2.5174825174825166,-1.945525291828798,2.5594149908592323,4.1313559322033955,6.199460916442057,1.6071013698750303,6.089438629876298,4.474380562905944,-2.2052586938083096,3.4544371649791517,1.9316493313521477,0.6644518272425293,6.609117667446163,3.3017377567140516,7.665222101841818,2.862688015526449,6.257901390644749,2.2020725388601115,0.41407867494824835,0.3745318352059934,4.113475177304959,1.6503667481662543,4.980079681274896,4.274134119380979,0.5697513812154664,5.450733752620551,4.9792531120331995,5.793226381461669,2.9659820843444207,2.0754376466341817,1.7341040462427681,3.462321792260692,1.859799713876975,1.3717681702752227,1.9546742209631818,2.1963540522732306,3.178206583427934,5.652173913043468,2.7212110290142366,8.358611391978421,8.085106382978724,8.896958692691781,9.054235768713582,5.242718446601935,-0.565171317555635,6.345885634588555,2.5445292620865034,2.001601281024823,-0.06851661527920161,3.8596491228070073,0.19860973187686426,-1.6450976091248126,0.8884501480750151,6.259780907668233,1.7828200972447306,1.1131328267151908,-0.7357184073860323,1.7043154126153315
2020-08-03,5.9225512528473745,-1.104972375690605,1.9189765458422103,-2.1164021164021163,0.7299270072992803,0.9287925696594534,1.2972972972973063,2.098288238542234,4.314159292035402,0.4524886877828038,2.606951871657759,2.1947873799725626,3.809523809523818,5.263157894736836,1.7369727047146455,-4.8034934497816595,0.3291639236339794,2.3342889145655077,1.3003095975232304,3.6263736263736357,0.9090909090909038,1.8099547511312153,-0.04595588235294379,2.64026402640265,4.159132007233279,-3.966005665722383,2.57142857142858,1.0590631364562064,1.6345592527729158,3.5942492012779548,-0.22796352583586144,-2.588272887042664,2.6666666666666616,1.9679633867276891,17.953321364452425,4.227642276422761,6.321243523316067,1.7948717948717885,2.8315946348733245,2.6162790697674465,3.4965034965035002,4.090267983074747,1.619256017505477,0.4381161007666945,4.177215189873418,6.120887528691665,2.2857114385932853,1.223657375934728,4.233870967741926,0.5780346820809301,4.9615653389238235,3.0312699425654177,1.586620926243576,-3.211805555555558,5.416156670746641,5.658056580565796,6.344558321132254,1.4285714285714235,-1.6483516483516536,2.582496413199431,2.39043824701195,-7.130730050933787,1.0706638115631772,0.18001800180018623,-1.1333346896701402,2.038834951456314,2.947003467062892,0.9417808219178037,4.741110417966321,1.3554216867469826,1.17647058823529,2.6869839908673754,1.8175969116937418,6.336405529953915,3.334168964652795,3.0618892508143425,5.177111716621252,2.5749933634191757,2.49520153550864,4.444444444444451,3.348073278584973,3.5051546391752675,2.1068472535741067,0.5555555555555536,1.9230769230769162,3.285714285714292,-5.555555555555558,0.029088454644110584,2.232472324723256,1.9464285714285712,1.8672199170124415,2.1929824561403466,2.71594597946343,2.170767004341534,2.6375112714156934,2.085747392815751,1.7699115044247815,3.1604387432608183,0.7128309572301372,0.25597269624573205,0.31876138433515333,-1.4575971731448756,2.794411177644718,5.04638218923934,5.441176470588238,1.2886597938144284,2.2304072027828914,3.181336161187698,1.7857142857142794,0.5491762356465202,2.196816857206896,4.218106995884763,1.9138755980861344,3.6104114189756453,2.885144807840545,5.1099317664897725,2.235747855251047
2020-07-31,-3.3039647577092546,-5.606258148631027,-4.480651731160901,-7.352941176470584,-3.4968553459119533,-0.1854140914709479,5.593607305936077,-4.230565838180855,-2.2702702702702693,-3.913043478260869,2.500856457690981,-2.929427430093212,-6.528189910979232,-14.577656675749317,-4.728132387706852,-2.8484848484848446,-2.8772378516624064,-3.751585872702501,-4.7759433962264115,8.721624850657106,-6.581740976645434,-5.6899004267425335,-5.267740531127563,-4.416403785488954,-2.811950790861162,-5.107526881720426,-4.520654715510519,-5.394990366088637,-2.6151222285389464,-1.5723270440251569,-0.9036144578313254,-2.8859581070597384,-2.1658872754122593,-2.389993299084203,5.492424242424243,-0.8064516129032251,-1.731160896130346,-1.5814266487213957,-5.956552207428167,-5.753424657534245,5.470190534726482,-3.9295392953929587,-3.5050675675675658,-2.5613660618996836,-2.9484029484029506,-4.459064327485384,-5.841661523436681,-4.974160206718348,-4.24710424710425,-2.259887005649719,-5.419695968274951,-4.188321614185265,-3.6761668731928987,-1.873935264054516,-3.05547315336695,-4.800936768149889,-7.785778577857783,-4.761904761904767,-5.699481865284972,-3.194444444444444,-1.5686274509803977,-0.33840947546531774,-6.879361914257231,-4.141501294219152,-13.294797687861271,-5.67765567765568,-1.319648093841641,8.048103607770575,-2.671523982999391,-0.7473841554558991,-3.2520325203251987,-3.217158176943702,-3.3877233877233848,-3.4751181540172316,-6.141176470588238,-5.654578979717273,-5.655526992287918,-3.2365784741844372,-0.3824091778202643,-4.119318181818176,-4.581072935503316,-2.8056112224448926,-4.525862068965514,0.226204976509492,-3.3457249070631967,-5.533063427800267,-5.938242280285033,-5.027627681500347,-4.878904878904877,-2.9462738301559765,-3.984063745019917,-2.005730659025784,-2.3334626708967687,-4.637041126138564,-4.3759430911834425,-5.0605060506050625,-3.3361847733105243,-3.6712034383954206,-6.178343949044585,-2.4146544546211457,-5.467068445975032,-4.128731738301927,-8.073394495412845,-1.570489408327247,-4.360056258790435,-4.433497536945808,-3.495260663507105,-1.290997906489877,-5.0847457627118615,-1.8618324350808457,-0.9986684420772329,0.7253886010362587,-1.4150943396226467,-2.055921052631582,-1.3685239491691092,-4.392577558712674,-2.816706106462441
2020-07-30,-0.8733624454148492,0.0,-1.603206412825653,-1.3301088270858519,-3.5194174757281593,0.7471980074719831,0.6896551724137945,0.052910052910060124,0.10822510822510178,-1.7094017094017144,0.34376074252320254,-0.06653359946773296,-2.8818443804034533,-0.6765899864682012,-2.758620689655178,-0.4524886877828038,-2.7967681789931587,-2.681518219334522,0.414446417998815,0.43999999999999595,-0.42283298097252064,-1.6095171448565426,-1.2467755803955316,-1.2461059190031154,0.17605633802817433,2.408809359944941,-1.7234775947912673,0.0,-1.7318435754189898,0.952380952380949,-0.6731488406881092,0.233281493001547,1.829573934837092,-0.8196721311475419,1.538461538461533,-0.6410256410256387,-0.5065856129685908,-4.896000000000001,-2.327173169062291,-4.450261780104714,-1.5133171912832921,-2.638522427440637,-2.43098475484137,-0.9513742071881603,-1.6908212560386437,-2.3554603854389677,-2.5468151731373734,-1.9011406844106515,-0.5758157389635365,-2.209944751381221,-3.38441890166028,-1.0885999395222279,-0.6157635467980316,-0.7607776838546076,-1.8631732168850057,-2.8441410693970437,-1.3321492007104752,-1.869158878504673,-3.015075376884424,-0.27700831024930483,0.6578947368421018,-1.6638935108153063,-2.526724975704564,-0.34393809114359186,-0.8122312470138504,0.6451612903225712,0.19588638589618235,0.3714020427112441,-0.6634499396863669,2.1374045801526798,2.329450915141429,1.3311583306810482,0.031089693766506166,5.452946350043986,-0.3516998827667095,-0.30637254901960675,-1.3941698352344711,0.0,-3.6832412523020275,-2.7624309392265234,1.716738197424883,-0.10010010010009784,-0.6069260978222024,-0.5881335409098742,-1.344743276283622,-4.015544041450781,-1.4051522248243575,-2.1092450109369776,-2.880518152377709,-3.171673099513339,-0.7905138339920903,0.5763688760807018,4.501877168207824,-0.41231445849367887,-0.4933504933504973,0.22050716648291946,-0.7640067911714787,-0.5343783398646273,-4.848484848484846,-5.4330708661417315,-8.435159637366974,-3.631911854723524,-0.1831501831501825,0.9214891264283098,-0.07027406886859211,-0.9756097560975618,0.019751135690304622,0.9510390982740313,-3.5947712418300637,-1.0664081434803685,-7.852760736196318,-5.899561189663583,-1.3953488372092981,-1.9354838709677469,0.3597122302158251,2.3594005045258992,-0.25842132250604166
2020-07-29,-0.8658008658008698,0.0,-0.39920159680638667,-0.9580838323353325,-1.411821009810954,2.0330368487928796,0.11507479861909697,-1.716068642745705,-1.8065887353878818,-1.2658227848101222,-0.648907103825136,-0.9228740936057966,-1.6997167138810165,-2.119205298013249,0.0,0.5764563106796183,-1.3488657265481319,-2.218636601619539,-1.1124121779859442,0.04001600640255454,-1.0460251046025104,-0.9015256588072118,-2.0219039595619215,-2.1341463414634165,0.0,-1.6249153689911977,-2.7922561429635118,-3.888888888888886,-1.6483516483516536,-0.4477218856992371,-1.9794721407624616,0.46874999999999556,-0.4739336492891044,-0.1548330015483268,-1.3282732447817858,-0.16000000000000458,-2.2772277227722793,-5.446293494704991,-3.0524220305242156,-3.535353535353536,-2.0746887966805017,-0.3942181340341633,-0.45118949958983245,-1.6632016632016633,-0.3610108303249149,-2.708333333333335,-4.0258818645979915,-2.4118738404452666,-0.9505703422053258,-3.208556149732622,-2.2471910112359605,-1.6066646831300213,-2.754491017964067,-1.4987510407993287,-2.525539160045398,-3.934426229508192,-3.3891033891033873,-2.979274611398963,-4.784688995215314,-3.733333333333333,2.288021534320328,0.670016750418756,-3.470919324577859,-4.593929450369149,-1.1336797354747241,-4.907975460122705,-1.0898522644708142,-2.1798365122615793,-1.6607354685646447,-0.9077155824508298,-2.9079159935379684,-10.394348334541014,-3.0590717299578074,-4.853556485355648,-2.9799818016378543,-1.3897280966767345,-5.959475566150174,-1.5178345560333928,-0.9124087591240837,-8.585858585858585,-2.042042042042047,-0.8928571428571397,-0.5326704545454586,-0.18991712707182584,-0.9285425918449719,-1.781170483460559,-1.0810810810810811,-0.9641152014891685,0.513962652047284,-0.46767997327542554,-0.9784735812133127,-0.7153075822603716,-0.744726137561047,-0.7637752318603419,-0.36332549690104576,-2.8907922912205564,-1.1744966442952975,0.5552570302704618,-1.19760479041916,-1.3975155279503104,-0.15741833923652582,-3.1231468669697615,-0.727272727272732,0.14765596160946082,0.14074595355384467,-2.1479713603818618,-0.5499901787468064,-0.5255781359495448,-1.9230769230769273,-1.3390722142515576,-5.76218924648294,-3.4369114877589424,-1.3761467889908285,-0.40160642570281624,-0.8430609597924743,1.4145974416854834,-1.1487271454295511
2020-07-28,-1.2820512820512775,-0.2600780234070177,0.4008016032064132,-0.9489916963226541,-0.6655574043261225,-0.12690355329949554,0.46242774566473965,-0.6201550387596955,-0.10615711252653925,0.0,0.4115226337448652,-0.9144350097975207,-1.3966480446927387,-0.6578947368421018,-2.0270270270270285,-4.822408316488591,-1.7469879518072329,-0.7009813910612839,2.336728579988012,0.6849315068493178,0.20964360587001352,0.557880055788007,0.33812341504648735,-1.2048192771084376,-0.35087719298245723,-0.13522650439485862,2.479969477298738,-0.1848428835489857,0.7751937984496138,-0.26267402153926644,-0.8720930232558155,0.4079071226859021,-0.07477567298105336,0.2883762200532436,-0.9398496240601517,0.8064516129032251,0.5976095617529875,-0.07558578987150177,-0.8552631578947367,-1.4925373134328401,-2.146171693735499,1.7379679144384985,0.2055076037813297,-0.8247422680412342,-1.0714285714285676,-1.3698630136986356,-1.197360506643197,0.9993753903810187,-0.7547169811320753,0.5376344086021501,-1.4760147601476037,1.5714717437292247,-0.47675804529201393,-1.2335526315789491,-0.9555930297920234,-0.5434782608695676,-0.8085106382978768,-2.030456852791873,-1.8779342723004744,0.1335113484646211,-0.8010680907877155,0.6745362563237878,-1.8416206261510082,-2.08835341365462,1.8768046198267552,-2.561912894961571,0.7564665690580785,2.8971962616822333,-0.35460992907800915,1.8489984591679498,-1.5898251192368873,-4.331627006962546,-1.4991836128840696,-3.1604538087520284,-2.137132680320575,-0.6602641056422609,-0.5924170616113722,0.1773948302077999,0.9208103130755152,-0.7518796992481258,-1.7699115044247815,1.002004008016022,-0.4946996466431042,0.31174229303776446,-1.1177644710578805,-1.995012468827928,-0.6139677666922472,-0.7706601091041931,-0.6975161619598547,-1.1067063098777696,-0.3898635477582846,0.0,-0.45305028405668857,-0.6773232186399358,-1.7429651406971836,0.0,-1.4061207609594728,-1.0281864917567773,-1.6200294550810068,-3.3033033033033066,-0.8196721311475419,-2.109133126934981,-1.0791366906474864,-0.9506398537477145,0.9232954545454586,-0.23809523809523725,-0.2742409402546553,-0.13995801259621965,-3.4055727554179516,-1.6925246826516194,-3.729128014842298,-1.6666666666666718,-2.2421524663677084,-0.08025682182986049,-1.21716848174247,2.246499461455609,-0.2573918695775723
2020-07-27,1.0799136069114423,0.13020833333332593,-0.29970029970030065,-0.11848341232227888,0.262154432793138,0.638569604086836,-0.5747126436781658,0.20714655618849775,-0.8421052631578996,0.0,-0.6473594548552009,-1.8589743589743635,0.561797752808979,-1.2987012987012991,-1.1135857461024523,-0.3453237410071974,-1.2492563950029734,-0.33932379381861333,-1.2426035502958621,0.6488240064882467,-0.20920502092049986,-1.5109890109890056,-0.5046257359125339,0.0,1.7857142857142794,1.0936431989063466,0.03816793893129944,0.8951883625512913,-0.9325287986834851,1.0082249933669463,-2.2032693674484682,0.047088369172820776,0.1247816321437556,0.02218770800976877,1.9157088122605304,-0.9584664536741228,1.0060362173038184,-0.04533091568449388,-0.06574621959237748,-0.4950495049504955,-0.691244239631339,-0.2666666666666706,-0.0821355236139576,-0.6147540983606592,0.23866348448686736,0.7591442374051072,-0.16208850425588617,0.1877346683354153,-1.6697588126159513,0.0,0.30845157310301907,1.5030674846625791,-0.5138339920948587,0.08230452674897748,-0.4755244755244803,-1.6042780748663055,-0.08503401360544505,-0.37926675094817064,-0.9302325581395321,-1.963350785340312,1.0796221322537214,-0.670016750418756,1.1173184357541999,1.2195121951219523,0.9227780475959291,-0.9306260575296155,-0.7748184019370497,-1.1090573012939031,-0.47058823529412264,-3.4226190476190466,1.6155088852988664,1.2258325176368157,0.11888839352058866,-0.7772715089788274,-1.1008366358432387,-0.5373134328358176,-7.150715071507152,-1.17705985474581,-1.8083182640144635,-1.7241379310344862,-0.9929906542056055,0.5035246727089548,-0.2467395135706707,-2.6635198921105885,-0.7527733755942956,1.0075566750629816,2.1159874608150497,0.9930170769844704,0.5990073592332612,-0.23071852340145194,0.391389432485334,1.1577424023154759,-1.9386118471059532,1.5685195376994976,1.6652433817250234,0.972972972972963,-0.8203445447087732,-0.14161798548415483,1.1922503725782407,0.9090909090909038,1.2248123271434208,0.038714672861006605,1.090909090909098,-0.5816066884769211,-1.538461538461533,0.0,0.9891196834816984,1.6720028459622949,1.572327044025168,1.4790076335877922,3.6339165545087537,2.6615969581748944,-1.1816838995568735,-1.0325655281969826,1.7932833387675151,0.10782501540358425,-0.15717466415493542
2020-07-22,-2.114164904862581,0.5235602094240788,1.831129196337744,0.7159904534606243,0.4067958841828201,-1.9411396368190337,1.2805587892898762,-0.8217770929635382,-0.8350730688935326,-1.2499999999999956,-1.0451786918408645,2.16110019646365,-1.1111111111111072,-0.12970168612191912,0.0,0.7246376811594235,-1.1176470588235343,0.4813465437435438,-0.2949852507374673,0.6530612244898037,-0.4166666666666652,0.2754820936639035,-0.16792611251049694,0.30211480362538623,-0.17825311942959443,0.3429355281207025,1.158301158301156,2.055576703464035,1.2215435868961677,-1.2316561844863738,1.005025125628145,-1.040695868282071,-4.023952095808381,-0.595500661667403,-1.1363636363636354,-0.7923930269413626,-0.9960159362549792,-2.013621557595502,-0.9120521172638396,-0.24691358024691024,-0.11507479861909697,-0.3984063745019917,0.8281573498964745,-1.3144590495449915,0.23923444976077235,-0.48076923076922906,-1.5361620363154582,0.9475679090334754,-0.9191176470588203,-1.0638297872340385,-0.1847290640394128,0.0921093030396003,0.35700119000396935,0.9136212624584639,-1.379310344827589,-0.42598509052182987,-0.591715976331364,-0.5031446540880502,-2.2727272727272707,-2.5510204081632626,-1.0680907877169576,0.8445945945946054,-1.104972375690605,0.8196721311475308,1.7795353435491768,-1.4178482068390341,-1.4202172096908994,-0.4599816007359703,-0.9324009324009341,-0.738552437223039,-0.1612903225806428,-0.28208314684299296,-0.6789667896679008,0.053633681952258705,0.7542147293700063,-0.05966587112171684,0.8879023307436285,0.909780136467031,-0.3603603603603567,1.1207970112079746,0.17554125219425565,-0.20100502512563345,0.7099751508697238,-0.46979865771812346,-0.11871784724970524,-1.975308641975304,-0.6230529595015577,-1.0621348739172642,-0.3581173260572945,-0.45931758530183275,-0.7766990291262155,-1.002865329512892,-0.2618303711920955,0.02752546105146969,-0.38281582305401685,-0.21574973031284195,1.2458471760797396,-0.08843296781040344,-1.3235294117647012,-1.7125837676842837,-2.27799227799228,-1.6936251189343499,-0.7220216606498187,-0.650054171180936,-1.5151515151515138,-0.4739336492891044,-0.9017839639286374,-0.35448422545196756,-0.6249999999999978,-0.47483380816714105,1.1080870917573815,0.14278914802474674,-1.5988372093023284,-0.4743083003952542,-3.1575623618566473,0.4331683168316891,-0.5794880666698421
2020-07-21,-0.21097046413501852,-1.4193548387096744,-2.383316782522349,-1.4117647058823568,-0.8540925266903865,0.25109855618330457,-1.2643678160919491,-0.5617977528089901,0.3141361256544517,0.0,-0.30252100840335583,-0.1308044473512071,0.5586592178770999,-1.1538461538461497,-1.1013215859030812,-1.737396753061804,-0.7009345794392496,-1.6374014387271263,4.243542435424352,1.197852127220167,-1.4373716632443578,-1.3586956521739135,-1.3256006628003303,-2.359882005899705,1.2635379061371799,-1.4864864864864824,0.30983733539891034,1.6247582205028976,-1.5308911973756167,0.7391763463569179,-1.3456090651558061,2.8434504792332227,1.5567988324008741,-1.069168666812137,5.389221556886237,0.0,1.2096774193548487,1.335333833458363,-1.2226512226512276,2.015113350125941,0.5205320994794649,-2.3346303501945553,-4.014308426073132,-0.40281973816717054,0.23980815347721673,-1.4884979702300405,-3.3269045323047197,2.7255029201816994,0.8029647930821504,0.0,-0.36809815950920033,-0.8523592085235898,-1.7919750681729685,-0.7419620774938185,2.4300649901102034,-0.8447729672650506,-0.5464480874316946,-1.486988847583648,-1.3452914798206317,0.0,2.602739726027403,2.2452504317789224,0.3696857670979714,-2.6336791699920203,-0.2465483234713961,0.1670843776107045,1.5759485998302791,1.3992537313432862,0.9411764705882453,1.0447761194029903,-0.48154093097912964,-0.2111175046341951,-0.2796585222254899,-0.8244680851063779,-0.5734450816056502,-0.652045050385297,-0.6615214994487362,1.1503067484662566,4.12757973733584,-0.8641975308641969,-2.231121281464532,0.5050505050504972,-1.778242677824271,2.335164835164827,-2.281515854601701,-0.6134969325153339,-1.078582434514641,-0.9208102982894539,-1.7426273458445052,-0.5870841487279899,-1.904761904761909,-1.828410689170179,-0.5209389043718815,-2.1018593371059047,-0.44463264874020636,-1.6967126193001114,-0.24855012427505985,-0.8244167689879012,-0.1468428781204123,-0.37091988130564246,0.9353078721745955,-2.1961660152614915,-1.9469026548672552,0.43525571273121955,-1.4925373134328401,0.0,-0.7201245620864105,-1.4325646401118108,-2.1406727828746197,-2.9493087557603714,0.4883766360617381,-0.09510223490252212,2.9940119760478945,-2.089783281733748,0.9670563230605778,3.0612244897959107,0.7339732705146096
2020-07-20,0.6369426751592355,-1.0217113665389577,-1.274509803921564,-1.8475750577367167,-0.8468595624558928,-0.6238303181534621,0.0,-1.310483870967738,-0.7276507276507305,-1.2345679012345734,-0.9983361064891838,-0.8430609597924743,-4.021447721179627,1.0362694300518172,0.22075055187638082,-0.14220705346985607,-0.696055684454755,-2.4066287889915827,1.4981273408239737,1.6372795969773257,0.6198347107438051,1.5873015873015817,0.8775595486836707,0.8928571428571397,0.0,0.5434782608695565,0.7806401249024209,0.6619937694704037,0.7713498622589521,2.0749124225276194,2.244750181028232,1.7224569385765331,2.544275380394123,1.1030222810500812,-1.3779527559055094,0.6379585326953707,1.3278855975485282,-0.7889252753795817,-1.7699115044247815,0.2525252525252597,0.7575757575757569,1.984126984126977,2.1518473406414884,0.9146341463414531,-1.650943396226412,-0.06761325219742931,-1.0496183206106902,-0.3234152652005218,0.12368583797155441,1.6216216216216273,0.4313000616142926,0.18298261665141702,0.3126221180148603,0.3308519437551727,-1.776297529836246,1.6094420600858417,0.5919661733615245,0.6234413965087171,1.82648401826484,-0.1273885350318471,1.2482662968099856,2.29681978798586,0.6511627906976791,0.0,-0.5394801373222124,0.6728343145500526,1.6512630930375805,-0.09319664492077884,0.05885815185402432,-0.5934718100890191,3.316749585406309,-3.0034157467647926,-0.2788786144136246,-3.6391594054331122,-1.3060513713539446,-1.0557184750733084,-1.0905125408942173,-0.911854103343468,-1.4787430683918634,0.6211180124223503,0.6332757628094488,0.6097560975609762,0.525762355415349,2.3730005273334465,0.5052467936261129,-0.3667481662591676,-0.38372985418265726,-0.13137151654800672,0.28566627457569105,-0.5191434133679396,1.5473887814313247,0.5657708628005631,0.7672155066022812,-0.26874496103198586,-0.7564614414793058,-0.5274261603375519,0.08291873963515162,-0.10513404590852815,-0.8733624454148492,-2.8818443804034533,-1.0794140323824197,-1.9704433497536922,-0.17667844522968323,0.2910149145143759,-0.8742434431741719,1.1990407673860837,0.41039671682625567,1.1307420494699683,-1.2084592145015116,-0.13805798435342354,-0.039054872095289905,-0.09501187648456311,0.0,1.1746280344557603,0.0,-2.22915042868278,0.09279237407262553
2020-07-17,-1.2578616352201255,0.5134788189987249,-0.5847953216374324,-0.23041474654378336,-0.07052186177715081,-1.35384615384615,-0.6849315068493178,-0.6509764646970506,-0.41407867494823725,-1.2195121951219523,0.4344919786096302,-1.09044259140475,0.0,-0.7712082262210762,-2.580645161290318,-2.006688963210701,-0.23148148148147696,-1.0289564604632817,-0.6819590824550525,-1.6921172100701654,-2.2222222222222254,-3.59281437125748,-0.29166666666666785,-2.0408163265306145,-1.5985790408525768,-0.6747638326585648,0.7867820613689958,-0.6576402321083141,-1.519262072707539,-0.5893383337797986,-3.0196629213483095,-0.0649561545956523,-0.4716981132075526,0.7557234941097946,-0.78125,0.8038585209003246,0.7201646090535085,-0.7094295004433926,-1.3100436681222738,-2.463054187192115,-0.46403712296984034,-0.39525691699604515,-1.0048231511254002,0.0,-0.586166471277838,1.579670329670324,-2.873030583873959,-4.449938195302838,-0.5535055350553542,-2.631578947368418,-3.046594982078854,-0.060957025297170286,-1.196911196911199,-2.657004830917875,-0.6617038875103343,-1.9978969505783373,-1.540383014154867,-1.2315270935960632,-1.7937219730941756,-0.7585335018963302,-0.2766251728907321,1.4336917562723928,-1.82648401826484,-2.8682170542635665,0.9405940594059414,-0.5020920502092019,-0.7460861056751478,0.6566604127579811,-0.7593457943925186,0.7473841554558991,0.0,-1.0135135135135087,0.33873343151693547,-1.5889029003783084,-1.8376068376068422,-2.011494252873558,-3.4736842105263177,0.20304568527917954,2.2684310018903586,-2.5423728813559365,-2.470522178551371,-0.8064516129032251,0.2811950790861051,0.017580872011246917,-1.6437308868501477,-1.564380264741272,-0.4583651642475206,-0.7561913680532939,-2.12171052631579,-1.407549584133072,-2.083333333333337,-0.9803921568627416,0.5276995172561527,-0.8790623335109271,-1.5515101365328965,-2.868852459016391,-2.348178137651824,-4.357298474945537,-0.2902757619738794,-2.2535211267605604,-0.6891271056661541,-2.38646482635797,-1.5652173913043521,0.9548292324641938,-1.7833553500660515,-0.4773269689737458,0.17619420516836737,-0.9797060881735487,2.1604938271605034,0.3231763619575334,0.8467900748326151,1.494696239151394,-3.746397694524495,2.4057738572574205,0.21299254526092604,0.1874121505544224,-0.32471798932686147
2020-07-16,0.6329113924050667,0.12853470437017567,0.588235294117645,1.7584994138335253,0.6625650733554256,0.8064516129032251,0.8055235903337232,-0.8933002481389618,-1.1258955987717534,1.6528925619834656,-3.3279483037156665,0.7105943152454719,0.26881720430107503,-0.3841229193341844,1.9736842105263053,1.0704225352112573,0.6993006993007089,2.2802597473660757,-1.1642156862745057,-3.5429936305732435,1.85185185185186,2.3841961852861138,2.3017902813299296,2.083333333333326,-2.595155709342556,-0.20202020202020332,0.63341250989708,-2.673192771084343,0.545553737043103,0.2686005909213085,1.2082444918265711,-2.5787059009650393,0.5491762356465202,-2.0039207144412985,-4.477611940298509,-1.2698412698412653,-0.4098360655737654,-0.4267844002943333,1.842439644218552,4.370179948586128,0.936768149882905,-0.7843137254901933,-0.44017607042816653,0.0,0.8274231678486954,0.0,2.51781472684085,-0.3694581280788145,0.0,0.0,1.8248175182481674,-1.8839712918660267,-0.23112480739599928,2.054231717337718,-3.2025620496397122,0.5285412262156397,1.7365523083439305,0.7444168734491274,2.764976958525356,-2.4660912453760786,-2.0325203252032575,-1.4134275618374548,1.388888888888884,3.7811745776347605,-0.29615004935834577,1.4431239388794648,0.615308885060295,-1.5697137580794052,-0.058377116170460486,-2.478134110787167,-1.4705882352941124,6.067843651727811,-0.6583760058522348,0.37974683544304,2.8345418589321048,0.17271157167531026,4.281009879253572,-2.1604171840079456,-4.1666666666666625,2.3543990086740907,0.3945885005637084,0.8130081300812941,0.0703482237073505,-2.5526811718348474,0.7704160246533087,1.7135862913096656,0.6923076923077032,1.02739563587384,0.7957559681697646,1.263362487852282,0.7633587786259444,1.5647226173541862,-0.7253628197627981,0.13336889837289867,0.4363183045917207,-0.10235414534288667,1.0638297872340496,4.117954981678595,-0.28943560057886897,0.9957325746799528,-1.5082956259426794,3.7509238728751004,1.590106007067127,-1.483357452966716,0.5312084993359889,-0.23809523809523725,-1.0269327649680249,-0.17464198393293273,-1.2195121951219523,-2.2121896162528243,-2.252165543792106,-2.537593984962405,-2.2535211267605604,1.0534846029173428,-1.0537407797681753,-1.4468216099738362,-0.763289642849363
2020-07-15,2.3758099352051865,0.5167958656330685,1.6949152542372836,2.278177458033581,1.027970356203678,2.0899303356554766,-0.11494252873562871,2.440264361972555,1.4537902388369606,1.680672268907557,-0.32206119162641045,2.245706737120212,4.201680672268915,1.9582245430809442,2.7027027027026973,2.749638205499272,1.0005885815185467,2.292657364930051,0.5545286506469571,-1.4128728414442682,0.6211180124223503,1.3112491373360902,0.5572224603514808,0.9009009009008917,3.0303030303030276,0.746268656716409,0.4773269689737569,2.9856533540131736,0.7142857142857117,0.6216216216216264,1.005025125628145,0.2060875079264335,1.1616161616161635,0.9010989010989068,3.2755298651252485,1.1235955056179803,0.0,1.116071428571419,3.552631578947363,1.8324607329842868,1.0650887573964596,3.518267929634633,4.081632653061229,-0.7063572149344055,1.0752688172043001,1.4634146341463428,3.5415641908509654,0.43290043290042934,1.7521902377972465,1.0638297872340496,1.985111662531014,3.01910043130007,1.2875536480686733,4.195205479452047,3.2515844585285114,2.1598272138228847,3.100436681222707,3.201024327784885,3.3333333333333437,3.180661577608146,2.3578363384188616,0.1769911504424737,0.9345794392523255,-0.48038430744595795,1.8704721570071747,3.69718309859155,2.3425692695214106,1.0261194029850706,2.3909145248057317,0.0,2.0000000000000018,7.25083761098102,1.3493475682087697,4.0843214756258295,2.499999999999991,2.236609770453213,1.5607580824972045,-0.2229930624380594,4.743833017077792,0.8750000000000036,2.0713463751438344,1.130524152106882,2.858176555716363,1.1787138152192789,3.4675169390195215,1.7434620174346271,-0.23023791250958991,1.0918791221080193,0.4663557628247883,0.3249918752031178,0.3831417624521105,0.7163323782235054,-0.3613768898795833,-0.6097560975609762,0.6272214091574302,1.8769551616266922,3.823279524214107,4.2568673822084735,1.4684287812041008,2.1802325581395277,1.4149139579349823,2.636070548075109,0.5328596802841812,1.9174041297935096,0.8032128514056325,1.2048192771084265,0.3304821150855286,1.1660777385158916,5.128205128205132,4.333490343853041,-0.5360903695194374,-0.5607476635513975,1.139601139601143,0.6525285481239873,1.7803517803517854,0.8381188887164326,1.5871522529758764
2020-07-14,-0.6437768240343367,-0.2577319587628857,0.0,-1.9976498237367801,0.8680974198215674,-0.9410288582183179,-1.5837104072398245,-0.2535496957403627,-1.2307692307692353,0.42194092827003704,-1.1146496815286677,1.81573638197714,1.1331444759206777,-0.39011703511053764,0.0,-0.3461205653302546,-0.05882352941176672,0.2999400083369519,-0.5514705882352922,-2.6366068016813182,-0.20661157024793875,-0.7534246575342518,0.47372954349698126,2.147239263803691,0.3577817531305927,-0.13550135501354532,0.9638554216867545,0.5850234009360467,0.7194244604316502,-0.591080064481464,-0.14336917562723928,0.9764687049783838,0.8660213958227247,-0.8930516227401486,-2.990654205607479,-1.1111111111111072,-2.400000000000002,-0.6211180124223614,0.3300330033003229,0.2624671916010568,-0.7050528789659172,-1.2032085561497374,0.29239766081872176,0.10101010101009056,-2.219626168224298,-0.2779708130646319,-1.3106796116504893,2.993630573248418,2.699228791773778,0.0,4.4718081659105735,0.9328358208955168,-0.46601941747572706,-1.5177065767284947,-2.6033279656468067,0.5428881650380024,0.0436871996505106,-0.12787723785165905,-0.4739336492891044,-4.029304029304026,-2.170963364993217,-2.0797227036395194,0.6585136406396908,0.48270313757039496,-0.13056018650509094,-1.1314186248912117,-1.975308641975304,-1.2891344383057057,0.9656004828002329,-1.1527377521613813,0.0,-0.35742261180286006,-0.2661934338953009,-1.5053205294575656,-1.2894619831036014,0.05889281507656108,0.6734006734006703,-0.9813542688910659,-2.4074074074074026,-0.12484394506866447,-0.2868617326448608,0.0,0.03619254433586683,-1.4519986334130541,0.19968051118210983,-0.6188118811881194,-0.3822629969418956,1.3495276653171295,0.18354747205071575,0.19537609899056285,0.7722007722007707,-0.14306151645206988,1.0549832159509664,0.8556149732620311,0.8008429926238181,1.8046709129511784,0.8568980291345341,1.77744862062581,-0.8733624454148492,-1.854493580599148,-0.9469696969697017,-2.783923303834812,-1.4010507880910628,-1.1661807580174877,-0.73089700996678,-1.891252955082745,1.12050324356201,0.8553100498930766,-1.8867924528301883,-1.9852262234533735,-0.8918406072106255,-1.3370216689718717,-3.3057851239669422,0.16339869281045694,-0.37397157816005944,-1.362522963870183,-0.8678197193211279
2020-07-13,3.786191536748329,2.645502645502651,2.6612077789150534,1.7942583732057482,2.52163164400494,4.730617608409982,3.8777908343125667,4.008438818565407,2.848101265822778,3.493449781659397,3.289473684210531,3.7683182135380244,6.325301204819267,4.768392370572205,2.5404157043879882,4.933414043583539,3.0303030303030276,3.2837656950917227,0.7407407407407307,0.9255688391824224,4.086021505376336,3.766879886282881,2.245706737120212,4.487179487179493,1.4519056261343088,3.4337771548703655,5.107640354580001,3.3037872683319813,2.845759817871363,1.416893732970026,3.563474387527843,1.8421910661884588,0.6924852526288827,3.261358524516411,0.5639097744360999,1.9417475728155331,1.2145748987854255,0.7449344457687745,4.338842975206614,5.833333333333335,4.481276856967464,5.203938115330531,4.862023653088032,2.0618556701030855,3.0084235860409203,4.124457308248908,5.069877876763518,4.249667994687911,5.3486797562626975,3.296703296703307,4.397834912043308,1.8688628444726074,5.967078189300401,4.585537918871263,4.3697478991596705,3.5995500562429728,5.096418732782371,5.107526881720426,6.565656565656575,-0.36496350364964014,1.6551724137930934,3.963963963963968,4.72906403940887,5.967604433077578,4.272697324309327,2.406417112299475,4.113110539845755,3.6259541984732913,3.6921151439299082,4.8338368580060465,2.564102564102555,4.5090781655515055,2.953714981729605,5.503833515881706,5.611645926273767,4.492307692307684,6.834532374100721,3.0333670374115274,2.4667931688804545,4.569190600522188,2.953337271116352,3.290870488322728,3.7551633496057057,-1.148260722728811,3.9004149377593444,0.8739076154806513,3.4810126582278444,2.8309776721092472,3.0610490111779853,3.0536912751677914,2.777777777777768,2.4926686217008776,1.9020015417149372,2.7190332326284095,1.7585245550075124,4.550499445061051,3.0918727915194344,4.65026157721371,1.6272189349112454,1.447178002894356,2.7237354085603016,0.6494711449248403,1.9642857142857073,2.4262784621127187,2.660300136425642,1.6826923076923128,1.1332007952286283,0.6817366343738751,4.2622950819672045,2.169811320754711,2.5890597625072953,2.6988636363636465,2.5423728813559254,2.7707808564231717,1.2659597489720786,4.228498484123189,2.215844446128701
2020-07-10,-2.3913043478260843,-1.945525291828798,-0.3061224489795955,-1.762632197414804,-1.5815085158150888,-1.5523932729624823,-0.4678362573099393,-1.60871821484172,0.6369426751592355,-0.8658008658008698,-0.815660685154973,-2.050580997949414,-1.7751479289940808,-2.26364846870839,-5.0438596491228065,-2.8235294117647025,-1.2567324955116699,-1.8844960066806027,-1.5795868772782495,-2.7016885553470926,-3.526970954356845,-2.965517241379312,-2.5740025740025763,-2.500000000000002,0.1818181818181719,-1.0402219140083213,-2.5503907856849084,-0.9577015163607316,-1.6237402015677471,-1.4500537056927998,-1.3909224011713017,-1.0804708917916517,-2.476238119059526,-1.200000000000001,-1.4814814814814836,-0.1615508885298822,-1.5936254980079667,-1.0175490340657678,-2.090357383681729,-3.2258064516129004,-2.0444978953698123,-2.2008253094910613,-3.2217041119118273,-1.722391084093211,-0.9535160905840279,-2.1939136588818076,-1.2988345001523682,-3.399615137908918,-2.2501654533421567,-2.67379679144385,-1.9893899204244003,-2.3507578100835147,-1.2195121951219523,-0.7005253940455369,-1.4356709000552192,-0.33632286995515237,-2.5939177101967803,-3.626943005181349,-4.347826086956519,-0.24271844660194164,-1.0914051841746208,-0.5376344086021501,-1.4563106796116498,-2.086811352253759,-1.0876320421032593,-2.2648083623693416,1.3945001954906777,0.19120458891013214,-2.857142857142858,-1.925925925925931,-1.6806722689075682,-2.268582061807367,-2.101654493963334,-3.615729743995777,-2.540045766590393,-1.7533252720677184,-0.9501187648456089,0.0,-1.6791044776119368,-0.7772020725388629,-0.6455399061032874,-1.0504201680672232,-1.003717472118959,-0.7541478129713397,-1.8729641693811083,-1.9583843329253336,-2.1671826625387025,-2.1721423473130885,-2.498323272971159,-1.1608623548922004,-2.8901734104046284,-2.4320457796852657,-3.741291103078359,-0.952121871599565,-1.5413851351351315,-4.250797024442088,-4.311073541842769,-4.230840601224717,-2.3121387283236983,-2.401129943502822,-1.1538461538461497,-2.8308690948431248,0.9009009009008917,-2.0475319926873903,-1.412239408204441,0.0,-0.01987676406280947,-0.4287245444801746,-2.5559105431309903,-1.3953488372092981,-0.465026157721371,-1.7674418604651132,-1.939058171745156,0.1682085786375076,-0.14046461372231311,-0.3814973772055308,-1.0585265916000286
2020-07-09,-1.498929336188437,0.390625,-1.0101010101010055,0.47225501770955525,0.07304601899196239,-0.6426735218509005,-0.2333722287047868,-1.6836734693877586,-1.0504201680672232,-0.8583690987124415,-1.60513643659711,-0.5438477226376581,-2.3121387283236983,-2.467532467532463,-1.7241379310344862,-0.7299270072992692,0.48105832832230355,-0.8438842885308495,-0.5438066465256797,2.303262955854124,0.4166666666666652,0.554785020804438,-0.6393861892583175,-2.1406727828746197,0.73260073260073,-0.06930006930007115,0.24742268041237914,1.2525252525252606,-0.8879023307436174,-1.115241635687736,-1.3005780346820761,-1.3522112631244032,-0.5967180507210346,-1.7252675256606231,0.0,0.8143322475570036,1.2096774193548487,-0.9349890430971564,-1.3962765957446832,-2.617801047120416,-1.4226437462951935,-1.0884353741496544,-0.7989907485281722,-0.5040322580645129,0.4790419161676551,-1.5331010452961702,-2.4361481132582297,0.5806451612903274,-0.9180327868852478,1.6304347826086918,-0.9198423127463884,3.2907348242811496,-1.5606242496998823,-2.309666381522668,-0.22038567493113392,-0.3351955307262622,-0.5780346820809301,-1.781170483460559,-2.358490566037741,1.980198019801982,0.0,0.17953321364452268,-3.2863849765258246,-0.7456503728251906,0.9515880724934034,-0.17391304347825765,3.2705248990578806,-0.28598665395614953,-0.4237288135593209,-0.589101620029453,1.7094017094017033,-1.968305717474328,-0.28240190249703145,-0.13178703215603882,-1.6651665166516616,0.730816077953711,-3.218390804597704,-0.6279829188646113,1.3232514177693666,-1.025641025641022,-0.35087719298245723,-1.2448132780082943,-0.2225519287833877,0.08386447500838834,-0.44588569112281595,-0.6082725060827299,0.8587041373926629,-0.08139400585430723,0.20161290322580072,-0.691699604743079,2.5691699604743157,1.4513788098693858,1.045648971380242,-0.19006244909041126,1.7182130584192379,0.10638297872340718,-1.6625103906899419,-3.110391945343405,-0.8595988538681931,-1.5983321751216084,-0.23023791250958991,-2.3075568081733278,0.18050541516245744,-1.2991699747383567,-0.201342281879191,0.24096385542169418,1.1866452131938932,0.9740259740259827,-0.6349206349206327,1.3672795851013664,0.19413706076489845,0.8442776735459567,-2.0352781546811416,1.5371477369769515,-1.5006385696040847,4.519023093537133,0.4039399442351099
2020-07-08,0.0,-0.903225806451613,-0.30211480362537513,-1.6260162601625994,-0.7251631617113841,-0.5115089514066473,-1.7201834862385357,-1.8036072144288595,-0.4184100418409997,0.0,-0.1602564102564097,-0.8760107816711549,-1.4245014245014231,-0.12970168612191912,0.21598272138227959,-1.552170163840183,-0.7756563245823411,-0.856571273499751,0.7303712720633015,0.5015432098765427,-0.4149377593360981,-1.029512697323265,-1.1794439764111209,0.6153846153846176,-2.1505376344086002,-0.34530386740331265,-1.1011419249592147,-0.8016032064128265,-0.2767017155506313,-0.7380073800738018,-0.7885304659498216,-1.2721847023716037,-0.29747149231531544,1.5975149767029073,0.18552875695732052,-0.32467532467532756,-0.8000000000000007,-1.9902634593356283,-1.7635532331809256,-1.0362694300518172,0.7164179104477642,-1.076716016150736,-1.8572018159306647,-1.195219123505975,0.36057692307691624,0.34965034965035446,-0.04909180166912108,0.06455777921239303,-3.663929248262787,0.0,0.0,-0.4136175628380534,-1.6141732283464605,-0.8481764206955011,-0.3568487510293705,-2.399127589967287,-1.4028934677772886,-1.3801756587201952,0.0,-0.9803921568627416,-0.40760869565217295,1.4571948998178597,0.7568590350047311,-1.388888888888884,-2.0986896249168385,-4.086738949124269,-0.9597440682484693,-0.3798670465337106,-1.5494636471990453,1.646706586826352,-2.1739130434782594,-1.9057110879057815,-0.6203840472673527,-1.0691003911342922,-1.550731058927779,-2.0870602265951055,-1.2485811577752526,-1.8733053980773962,-1.6728624535315983,-1.1406844106463865,-0.4076878276062845,-2.72452068617558,-1.4259597806215774,-0.4342017368069495,-0.8041817450743838,-3.0660377358490587,0.7867820613689958,-1.1266045673224534,-1.2935323383084563,-1.3645224171540016,-1.171875,-0.8633093525179825,0.668013723273031,-1.4713750668806869,-1.041445270988306,-1.8789144050104345,-0.24875621890547706,-1.2954747116237786,-0.28571428571428914,0.41870202372644716,0.5013497878904705,-0.351061962436372,-1.2477718360071277,2.1378547733136744,-1.8445322793148922,0.4842615012106588,0.12082158679016519,-0.108108108108107,-0.9433962264150941,-0.14124293785310327,-0.6174030484275561,0.0,-1.9946808510638347,0.0,-1.261034047919296,-2.762520193861062,-0.7784279455390619
2020-07-07,-1.2684989429175508,-0.7682458386683688,-0.3012048192771122,-1.0344827586206917,-0.313253012048198,-1.6352201257861632,-1.6910935738444155,-0.7458975634012877,-1.0351966873705987,-1.6877637130801704,-1.1093502377179099,-1.1984021304926817,-0.5665722379603388,-2.281368821292773,-3.1380753138075312,-0.6000000000000005,-0.8284023668639007,-2.0296689926888822,0.18292682926828174,-1.1064479206409739,-1.0266940451745366,-0.8168822328114334,-0.7939824488090275,-2.108433734939763,-1.0638297872340385,-1.6972165648336701,-2.271821442805899,-0.39920159680638667,-2.1126760563380254,-0.4721930745015701,-2.9227557411273475,-2.256677924470374,-1.3209393346379605,-2.7196201165551437,1.1257035647279645,0.32573289902280145,3.950103950103956,0.910273081924573,0.1308044473512071,-0.5154639175257714,-2.785838653511319,-1.458885941644561,-1.2229922543823935,-0.09950248756218638,0.0,-1.2430939226519389,-1.5466408893185069,1.3080444735120933,0.6357279084551859,-0.540540540540535,-1.3609850939727774,0.22321428571427937,0.43495452748121277,-2.238805970149249,-0.05486968449931462,-1.3978494623655968,-1.212646167171938,-2.0884520884520863,-3.6363636363636376,2.127659574468077,0.8219178082191858,1.4787430683918634,-1.491146318732528,-2.314445331205106,0.26688314035712146,0.92592592592593,-1.0290237467018515,-1.2195121951219523,-1.9286966686148488,-0.7429420505200568,-2.44698205546493,-3.741250411946806,-1.2975652427467566,1.6971625563511061,-1.8268812527185707,-1.0619469026548645,-3.0803080308030806,-1.7675544794188869,-0.37037037037036535,-0.8793969849246186,-0.9803921568627416,-2.843137254901962,-1.2278801011195384,1.4915254237288122,-0.4801920768307322,-2.640642939150406,-0.9353078721745955,-0.7718989406006238,-1.2446773665247268,-1.1878009630818642,-1.9157088122605415,-1.4184397163120588,0.20283975659229903,-0.6907545164718365,-1.6102049351735648,-0.5192107995846351,-0.9852216748768461,-1.7779327174481385,-2.777777777777779,-4.08299866131191,-1.780303030303032,-4.0586055911081225,-0.5319148936170248,6.142410015649458,-1.236174365647369,-1.4319809069212375,-1.468253968253963,0.036049026676288065,-2.4539877300613466,-0.747663551401867,-1.163234172387495,-1.9770114942528783,-1.182654402102501,-2.0083682008368187,-0.46025104602510636,4.596147347076718,-0.43914797107739156
2020-07-06,2.1598272138228847,1.8252933507170832,0.911854103343468,1.1627906976744207,1.244205903878992,0.5692599620493288,3.379953379953382,2.3409669211196027,1.577287066246047,1.716738197424883,0.0,2.0380434782608647,5.059523809523814,3.543307086614167,1.0570824524312794,2.910908556306979,1.3797240551889578,2.071718010769419,3.1446540880503138,1.4318885448916463,1.2474012474012364,1.5905947441217094,1.5704584040747038,3.4267912772585563,1.4388489208633004,1.0288065843621297,1.455721795390219,0.4008016032064132,1.5401540154015292,1.221455124800852,1.914893617021285,-1.3777441332323948,-0.4868549172346692,0.7831194257124308,2.1072796934865856,0.6557377049180246,2.0148462354188768,2.3816568047337228,4.22631220177232,4.3010752688172005,3.483483483483485,1.7543859649122862,0.5740057400573928,1.310483870967749,2.0858895705521574,1.2587412587412583,3.8029325047674867,2.6174496644295386,4.034391534391535,2.777777777777768,4.610169491525418,2.6513911620294595,2.8466856445709565,2.376910016977929,0.08237232289951546,3.563474387527843,2.122954444935865,3.2994923857867953,5.263157894736836,4.993429697766105,0.6896551724137945,1.883239171374762,2.581261950286806,3.811101905550962,3.4182603192177474,5.600000000000005,0.9186526427905628,2.895752895752901,3.1344183242917323,1.9696969696969768,2.1666666666666723,5.152281165728101,1.4494897204555546,5.1296347923055485,1.725663716814152,3.7966932026944233,3.295454545454546,2.91552454522801,5.46875,2.975420439844756,2.1803182086034267,1.5936254980079667,1.9889502762430844,2.7158774373259087,1.0105092966855356,2.3501762632197387,1.7446471054718415,1.5405438397381843,1.46227982718512,1.6644908616187948,1.7543859649122862,1.5850144092218965,2.5801068953406503,2.2548220592230273,1.3779944880220496,3.4371643394199847,2.01005025125629,0.13964042590330905,1.9830028328611915,0.13404825737264314,0.9946442234123998,0.35490958255872673,3.4862385321100975,0.7886435331230235,3.016085790884726,2.444987775061125,1.7154389505549927,1.611721611721606,3.164556962025311,1.3737565135007124,1.2746234067207318,1.7305893358278812,0.5284015852047519,2.224123182207016,1.335594657621364,2.4229837313949565,1.8288810058876281
2020-07-03,-0.8565310492505307,-0.6476683937823857,-0.5040322580645129,-1.0356731875719172,-0.846637639090464,0.31725888324873885,1.1792452830188704,-1.4049172102358232,0.0,0.0,1.1217948717948678,0.4778156996587013,1.2048192771084265,-0.5221932114882533,-2.2727272727272707,-1.4774044032444977,-0.5369928400954627,-0.8297139679470211,0.8883248730964466,0.7407407407407307,-1.0288065843621408,-1.9661016949152565,0.0424628450106157,0.6269592476489061,2.583025830258312,0.6906077348066253,0.08093889113718333,2.086743044189854,-0.05497526113249496,-1.1029411764705843,-0.5641748942172065,1.4125594963918298,0.7356547327121099,0.17432991937240683,1.3592233009708687,1.3289036544850585,-1.3598326359832602,0.11848341232227888,-1.0121457489878583,0.540540540540535,0.3012048192771122,-0.6702412868632712,0.1642710472279152,-0.10070493454179541,0.866336633663356,-0.832177531206657,-0.030098186455695952,1.7064846416382284,-0.06609385327164263,0.5586592178770999,0.13577732518670338,1.0585511081707022,-0.0812677773262882,-1.7514595496246899,0.41356492969395475,-0.11123470522803602,-0.9636443276390683,0.638569604086836,-1.4150943396226467,2.4226110363391617,2.6912181303116123,1.724137931034475,2.1484375,-0.8216926869350827,-0.0742560939818393,0.9874326750448859,0.14666666666667272,0.5825242718446644,1.0353227771010998,0.7633587786259444,0.6711409395973256,-1.129234629861986,-0.2360926663715457,0.16755096341805054,-0.7465963987703161,-0.12232415902140303,-0.5649717514124242,0.6268806419257755,3.4343434343434343,1.0457516339869244,-1.3945380592678691,-0.9861932938856066,-0.5130084279955982,2.828499820981034,-0.7223113964687,-3.295454545454546,-0.7086614173228312,0.6255065859703368,0.23317788141239415,0.3931847968545288,0.0,0.7256894049346929,0.5229031516595928,1.0153677277716877,1.5500538213132353,-1.1677282377919318,-0.995024875621886,-0.5036470996873876,-0.9817671809256634,-1.387970918704562,-0.8345978755690431,-1.3668944824137386,-1.0889292196007205,3.679476696647588,0.13422818791946067,-2.1531100478468845,0.16171417020416357,-0.21929824561403022,-3.0674846625766916,-0.6120527306967993,1.8489378442171578,2.2966507177033524,0.5312084993359889,-0.5952380952380931,0.7905982905982878,2.628774422735347,0.7248253155643924
2020-07-02,1.3015184381778733,1.1795543905635641,0.8130081300812941,0.578703703703698,3.453453453453448,-0.3162555344718543,-0.3525264394829586,1.3733468972533025,-0.5230125523012608,0.8658008658008587,-0.4784688995215336,0.4112405757368043,-2.92397660818714,-0.26041666666666297,-1.6260162601625994,0.9061677871967211,-0.11918951132300348,1.0177621315897722,-3.075030750307506,4.523227383863082,-0.6134969325153339,-1.1394101876675555,-0.9255363904080771,-0.31250000000000444,-1.2750455373406244,-0.6858710562414272,-0.7630522088353464,-1.212611156022636,-0.383351588170866,1.1420982735723673,-0.8391608391608352,-0.33664881407804437,1.2916045702930923,0.30601092896174187,1.5779092702169706,0.8375209380234505,0.31479538300105414,-1.0405979774292806,0.3385240352064889,1.3698630136986356,0.5451241671714069,-0.9296148738379806,-1.6558966074313397,-0.6006006006005982,-1.2224938875305624,-0.4143646408839796,-0.9045701377671467,-0.7452574525745215,0.39814200398142763,-1.6483516483516536,-3.409836065573768,1.4429530201342189,0.36704730831973453,1.266891891891886,1.0306406685236746,0.0,-0.9973980919340875,0.0,0.4739336492890933,0.6775067750677488,-0.28248587570621764,0.9671179883945946,-0.3891050583657574,0.6617038875103454,1.3764907470600551,-0.8014247551202169,0.914962325080726,-2.1842355175688555,-0.725513905683195,-1.6516516516516533,-0.9966777408637828,1.476951263732329,1.8179086538461453,2.5486827033218695,2.452193475815534,-0.24405125076265577,0.9122006841505215,-2.3267205486162124,-1.0000000000000009,0.6578947368421018,-0.28968713789108147,-0.7827788649706457,0.7011070110701123,0.7030827474310497,1.0133765707336817,-0.4524886877828038,-0.703674745895233,0.8502485056556708,0.5695142378559392,1.3953488372093092,1.183431952662728,-0.43352601156069204,-0.12534073286301073,0.7186290768380399,1.886378591796456,1.6181229773462702,-0.41288191577208977,0.6115673597763438,1.2784090909090828,1.2040133779264162,1.3456362937331878,0.43529214799933325,1.2867647058823595,3.864118895966029,0.5398110661268607,2.2004889975550057,0.5079236082893068,0.6993006993007089,1.2422360248447228,0.6635071090047351,1.3152650458349902,0.336053768602973,-0.3968253968253954,-1.2594458438287104,-0.04271678769756093,1.4231669969374972,0.10953242913898098
2020-07-01,***,***,***,***,***,***,***,***,***,***,***,***,***,***,***,***,***,***,***,***,***,***,***,***,***,***,***,***,***,***,***,***,***,***,***,***,***,***,***,***,***,***,***,***,***,***,***,***,***,***,***,***,***,***,***,***,***,***,***,***,***,***,***,***,***,***,***,***,***,***,***,***,***,***,***,***,***,***,***,***,***,***,***,***,***,***,***,***,***,***,***,***,***,***,***,***,***,***,***,***,***,***,***,***,***,***,***,***,***,***,***,***,***,***,***,***,***
***,1332.T,1801.T,1802.T,1803.T,1928.T,2002.T,2282.T,2501.T,2531.T,2768.T,2871.T,3101.T,3103.T,3105.T,3289.T,3382.T,3401.T,3402.T,3436.T,3659.T,3861.T,3863.T,4004.T,4005.T,4021.T,4042.T,4043.T,4063.T,4208.T,4502.T,4506.T,4507.T,4543.T,4578.T,4689.T,4704.T,4755.T,4911.T,5101.T,5202.T,5214.T,5232.T,5233.T,5301.T,5332.T,5333.T,5401.T,5541.T,5631.T,5703.T,5707.T,5713.T,5802.T,5901.T,6098.T,6103.T,6302.T,6471.T,6472.T,6506.T,6645.T,6701.T,6703.T,6724.T,6752.T,6753.T,6758.T,6762.T,6841.T,6976.T,6988.T,7201.T,7203.T,7269.T,7270.T,7272.T,7731.T,7733.T,7735.T,7752.T,7911.T,7951.T,8015.T,8035.T,8053.T,8233.T,8303.T,8308.T,8309.T,8316.T,8331.T,8355.T,8604.T,8630.T,8766.T,8795.T,8804.T,8830.T,9001.T,9005.T,9007.T,9021.T,9062.T,9064.T,9101.T,9412.T,9432.T,9434.T,9501.T,9503.T,9531.T,9532.T,9602.T,9613.T,9735.T,9984.T,^N225
